recno,Field,RA1,RA2,DE1,DE2,m1,m2,mcen,Nfib,Ngal,f,Night,Frame,plate,_RA.icrs,_DE.icrs
1,http://vizier.u-strasbg.fr/viz-bin/VizieR-5?-info=XML&-out.add=.&-source=VII/203/fields&recno=1,00 08 28.66,00 15 43.22,-42 44 04.6,-41 15 28.8,16.19,17.49,18.34,50,37,0.31,1989-03-10,163,SSA007-600; 0000-42E,00 10 59.82,-42 27 23.0
2,http://vizier.u-strasbg.fr/viz-bin/VizieR-5?-info=XML&-out.add=.&-source=VII/203/fields&recno=2,00 01 25.73,00 08 28.66,-42 44 04.6,-41 15 28.8,16.19,17.49,18.34,50,40,0.35,1989-02-10,149,SSA010-200; 0000-42W,00 03 58.77,-42 27 22.2
3,http://vizier.u-strasbg.fr/viz-bin/VizieR-5?-info=XML&-out.add=.&-source=VII/203/fields&recno=3,00 33 03.82,00 41 21.14,-42 44 13.9,-41 14 42.7,14.93,17.63,18.78,112,81,0.88,1993-03-10,192,SSA064-200; 0015-42E,00 35 28.43,-42 27 42.6
4,http://vizier.u-strasbg.fr/viz-bin/VizieR-5?-info=XML&-out.add=.&-source=VII/203/fields&recno=4,00 23 41.14,00 33 03.82,-42 44 13.9,-41 14 42.7,14.93,17.63,18.78,112,107,0.85,1994-02-10,178,SSA063-200; 0015-42M,00 26 08.24,-42 27 37.3
5,http://vizier.u-strasbg.fr/viz-bin/VizieR-5?-info=XML&-out.add=.&-source=VII/203/fields&recno=5,00 15 43.22,00 23 41.14,-42 44 13.9,-41 14 42.7,14.93,17.63,18.78,112,105,0.56,1994-01-10,164,SSA062-200; 0015-42W,00 18 12.44,-42 27 34.1
6,http://vizier.u-strasbg.fr/viz-bin/VizieR-5?-info=XML&-out.add=.&-source=VII/203/fields&recno=6,00 28 14.21,00 35 10.54,-39 44 32.6,-38 28 18.5,16.12,17.42,18.27,50,39,0.35,1990-05-09,108,SSA007-300; 0020-39E,00 30 40.89,-39 27 58.4
7,http://vizier.u-strasbg.fr/viz-bin/VizieR-5?-info=XML&-out.add=.&-source=VII/203/fields&recno=7,00 21 12.12,00 28 14.21,-39 44 32.6,-38 28 18.5,16.12,17.42,18.27,50,36,0.46,1990-05-09,105,SSA007-200; 0020-39W,00 23 40.48,-39 27 54.9
8,http://vizier.u-strasbg.fr/viz-bin/VizieR-5?-info=XML&-out.add=.&-source=VII/203/fields&recno=8,00 29 09.60,00 37 12.00,-45 44 24.0,-44 15 36.0,16.21,17.51,18.36,50,38,0.83,1991-02-10,154,SSA016-200; 0020-45E,00 31 34.35,-45 27 50.3
9,http://vizier.u-strasbg.fr/viz-bin/VizieR-5?-info=XML&-out.add=.&-source=VII/203/fields&recno=9,00 22 36.00,00 29 09.60,-45 44 24.0,-44 15 36.0,16.21,17.51,18.36,50,36,0.92,1990-12-10,129,SSA014-600; 0020-45W,00 25 02.68,-45 27 46.9
10,http://vizier.u-strasbg.fr/viz-bin/VizieR-5?-info=XML&-out.add=.&-source=VII/203/fields&recno=10,00 52 42.79,01 01 13.30,-39 44 48.5,-38 15 53.3,15.03,17.73,18.88,112,93,0.83,1991-09-10,188,SSA031-200; 0034-39E,00 55 03.67,-39 28 33.6
11,http://vizier.u-strasbg.fr/viz-bin/VizieR-5?-info=XML&-out.add=.&-source=VII/203/fields&recno=11,00 43 51.72,00 52 42.79,-39 44 48.5,-38 15 53.3,15.03,17.73,18.88,112,97,0.86,1991-08-10,174,SSA030-200; 0034-39M,00 46 14.68,-39 28 25.3
12,http://vizier.u-strasbg.fr/viz-bin/VizieR-5?-info=XML&-out.add=.&-source=VII/203/fields&recno=12,00 35 10.54,00 43 51.72,-39 44 48.5,-38 15 53.3,15.03,17.73,18.88,112,107,0.74,1991-07-10,163,SSA029-200; 0034-39W,00 37 35.56,-39 28 18.6
13,http://vizier.u-strasbg.fr/viz-bin/VizieR-5?-info=XML&-out.add=.&-source=VII/203/fields&recno=13,00 53 26.40,01 00 52.80,-45 44 24.0,-44 15 00.0,14.84,17.54,18.84,112,68,0.85,1994-04-10,145,SSA077-300; 0035-45E,00 55 44.06,-45 28 09.8
14,http://vizier.u-strasbg.fr/viz-bin/VizieR-5?-info=XML&-out.add=.&-source=VII/203/fields&recno=14,00 45 04.80,00 53 26.40,-45 44 24.0,-44 15 00.0,14.84,17.54,18.84,112,74,0.71,1994-03-10,134,SSA076-300; 0035-45M,00 47 24.88,-45 28 01.8
15,http://vizier.u-strasbg.fr/viz-bin/VizieR-5?-info=XML&-out.add=.&-source=VII/203/fields&recno=15,00 37 12.00,00 45 04.80,-45 44 24.0,-44 15 00.0,14.84,17.54,18.84,112,81,0.66,1994-02-10,121,SSA075-300; 0035-45W,00 39 34.38,-45 27 55.5
16,http://vizier.u-strasbg.fr/viz-bin/VizieR-5?-info=XML&-out.add=.&-source=VII/203/fields&recno=16,00 48 29.50,00 55 46.30,-42 44 00.2,-41 15 06.8,16.22,17.52,18.37,50,49,0.72,1991-01-10,140,SSA015-500; 0040-42E,00 50 50.05,-42 27 41.1
17,http://vizier.u-strasbg.fr/viz-bin/VizieR-5?-info=XML&-out.add=.&-source=VII/203/fields&recno=17,00 41 21.14,00 48 29.50,-42 44 00.2,-41 15 06.8,16.22,17.52,18.37,50,47,0.64,1990-11-10,118,SSA015-200; 0040-42W,00 43 43.56,-42 27 34.9
18,http://vizier.u-strasbg.fr/viz-bin/VizieR-5?-info=XML&-out.add=.&-source=VII/203/fields&recno=18,01 12 58.32,01 21 29.71,-42 44 03.1,-41 27 16.2,15.01,17.81,18.91,112,91,0.9,1993-11-09,142,SSA044-300; 0054-42E,01 15 12.56,-42 28 12.5
19,http://vizier.u-strasbg.fr/viz-bin/VizieR-5?-info=XML&-out.add=.&-source=VII/203/fields&recno=19,01 04 26.52,01 12 58.32,-42 44 03.1,-41 27 16.2,15.01,17.81,18.91,112,103,0.87,1993-10-09,128,SSA043-300; 0054-42M,01 06 42.93,-42 28 01.3
20,http://vizier.u-strasbg.fr/viz-bin/VizieR-5?-info=XML&-out.add=.&-source=VII/203/fields&recno=20,00 55 46.30,01 04 26.52,-42 44 03.1,-41 27 16.2,15.01,17.81,18.91,112,99,0.93,1992-08-09,104,SSA042-300; 0054-42W,00 58 04.95,-42 27 51.4
21,http://vizier.u-strasbg.fr/viz-bin/VizieR-5?-info=XML&-out.add=.&-source=VII/203/fields&recno=21,01 08 21.22,01 15 09.70,-39 44 19.3,-38 15 19.8,16.08,17.38,18.23,50,39,0.45,1989-02-10,152,SSA010-300; 0100-39E,01 10 38.47,-39 28 22.5
22,http://vizier.u-strasbg.fr/viz-bin/VizieR-5?-info=XML&-out.add=.&-source=VII/203/fields&recno=22,01 01 13.30,01 08 21.22,-39 44 19.3,-38 15 19.8,16.08,17.38,18.23,50,42,0.64,1989-01-10,138,SSA009-300; 0100-39W,01 03 32.20,-39 28 13.7
23,http://vizier.u-strasbg.fr/viz-bin/VizieR-5?-info=XML&-out.add=.&-source=VII/203/fields&recno=23,01 09 16.80,01 17 45.60,-45 45 00.0,-44 16 12.0,15.09,17.79,19.14,112,109,0.65,1993-05-10,220,SSA066-200; 0100-45E,01 11 29.92,-45 29 04.4
24,http://vizier.u-strasbg.fr/viz-bin/VizieR-5?-info=XML&-out.add=.&-source=VII/203/fields&recno=24,01 00 52.80,01 09 16.80,-45 45 00.0,-44 16 12.0,15.09,17.79,19.14,112,87,0.89,1993-04-10,206,SSA065-200; 0100-45W,01 03 08.31,-45 28 53.9
25,http://vizier.u-strasbg.fr/viz-bin/VizieR-5?-info=XML&-out.add=.&-source=VII/203/fields&recno=25,01 32 27.38,01 41 11.40,-39 43 48.4,-38 15 16.2,14.99,17.69,18.94,112,89,0.85,1991-03-10,120,SSA025-300; 0114-39E,01 34 39.19,-39 28 28.3
26,http://vizier.u-strasbg.fr/viz-bin/VizieR-5?-info=XML&-out.add=.&-source=VII/203/fields&recno=26,01 23 51.65,01 32 27.38,-39 43 48.4,-38 15 16.2,14.99,17.69,18.94,112,97,0.64,1991-02-10,109,SSA023-500; 0114-39M,01 26 05.38,-39 28 14.0
27,http://vizier.u-strasbg.fr/viz-bin/VizieR-5?-info=XML&-out.add=.&-source=VII/203/fields&recno=27,01 15 09.70,01 23 51.65,-39 43 48.4,-38 15 16.2,14.99,17.69,18.94,112,103,0.5,1992-09-09,117,SSA024-300; 0114-39W,01 17 25.39,-39 28 00.9
28,http://vizier.u-strasbg.fr/viz-bin/VizieR-5?-info=XML&-out.add=.&-source=VII/203/fields&recno=28,01 33 38.40,01 42 04.80,-45 43 48.0,-44 15 00.0,14.94,17.64,18.94,112,99,0.79,1993-11-10,139,SSA060-300; 0115-45E,01 35 44.75,-45 28 29.8
29,http://vizier.u-strasbg.fr/viz-bin/VizieR-5?-info=XML&-out.add=.&-source=VII/203/fields&recno=29,01 24 09.60,01 33 38.40,-45 43 48.0,-44 15 00.0,14.94,17.64,18.94,112,103,0.59,1993-10-10,128,SSA058-500; 0115-45M,01 26 18.56,-45 28 14.0
30,http://vizier.u-strasbg.fr/viz-bin/VizieR-5?-info=XML&-out.add=.&-source=VII/203/fields&recno=30,01 17 45.60,01 24 09.60,-45 43 48.0,-44 15 00.0,14.94,17.64,18.94,112,82,0.54,1993-09-10,117,SSA059-300; 0115-45W,01 19 56.34,-45 28 04.2
31,http://vizier.u-strasbg.fr/viz-bin/VizieR-5?-info=XML&-out.add=.&-source=VII/203/fields&recno=31,01 28 38.81,01 35 46.56,-42 44 04.6,-41 15 17.3,16.16,17.46,18.31,50,47,0.55,1990-04-10,182,SSA016-600; 0120-42E,01 30 49.11,-42 28 37.9
32,http://vizier.u-strasbg.fr/viz-bin/VizieR-5?-info=XML&-out.add=.&-source=VII/203/fields&recno=32,01 21 29.71,01 28 38.81,-42 44 04.6,-41 15 17.3,16.16,17.46,18.31,50,47,0.63,1990-03-10,168,SSA017-200; 0120-42W,01 23 41.79,-42 28 26.5
33,http://vizier.u-strasbg.fr/viz-bin/VizieR-5?-info=XML&-out.add=.&-source=VII/203/fields&recno=33,01 52 54.14,02 01 22.44,-42 31 04.8,-41 14 52.1,14.99,17.79,18.89,112,69,0.93,1994-02-09,184,SSA047-300; 0134-42E,01 54 58.80,-42 16 23.6
34,http://vizier.u-strasbg.fr/viz-bin/VizieR-5?-info=XML&-out.add=.&-source=VII/203/fields&recno=34,01 44 20.52,01 52 54.14,-42 43 50.5,-41 14 52.1,14.99,17.79,18.89,112,87,0.91,1994-01-09,170,SSA046-300; 0134-42M,01 46 27.00,-42 28 52.1
35,http://vizier.u-strasbg.fr/viz-bin/VizieR-5?-info=XML&-out.add=.&-source=VII/203/fields&recno=35,01 35 46.56,01 44 20.52,-42 43 50.5,-41 14 52.1,14.99,17.79,18.89,112,107,0.62,1993-12-09,156,SSA045-300; 0134-42W,01 37 55.11,-42 28 36.2
36,http://vizier.u-strasbg.fr/viz-bin/VizieR-5?-info=XML&-out.add=.&-source=VII/203/fields&recno=36,01 48 47.62,01 55 09.72,-39 44 04.9,-38 15 14.0,16.14,17.44,18.29,50,26,0.63,1988-09-11,133,SSA002-2100 0140-39E,01 50 55.87,-39 29 15.4
37,http://vizier.u-strasbg.fr/viz-bin/VizieR-5?-info=XML&-out.add=.&-source=VII/203/fields&recno=37,01 41 11.40,01 48 47.62,-39 44 04.9,-38 15 14.0,16.14,17.44,18.29,50,24,1.0,1988-08-11,118,SSA002-1100 0140-39W,01 43 21.29,-39 29 00.6
38,http://vizier.u-strasbg.fr/viz-bin/VizieR-5?-info=XML&-out.add=.&-source=VII/203/fields&recno=38,01 49 02.40,01 55 48.00,-45 44 24.0,-44 15 36.0,16.17,17.47,18.32,50,35,0.66,1990-12-10,132,SSA014-700; 0140-45E,01 51 04.61,-45 29 34.8
39,http://vizier.u-strasbg.fr/viz-bin/VizieR-5?-info=XML&-out.add=.&-source=VII/203/fields&recno=39,01 42 04.80,01 49 02.40,-45 44 24.0,-44 15 36.0,16.17,17.47,18.32,50,35,0.57,1990-05-10,196,SSA017-600; 0140-45W,01 44 08.86,-45 29 21.2
40,http://vizier.u-strasbg.fr/viz-bin/VizieR-5?-info=XML&-out.add=.&-source=VII/203/fields&recno=40,02 12 43.75,02 21 02.59,-39 43 48.4,-38 15 14.8,14.92,17.62,18.77,112,86,0.89,1991-06-10,152,SSA028-300; 0154-39E,02 14 47.02,-39 29 51.8
41,http://vizier.u-strasbg.fr/viz-bin/VizieR-5?-info=XML&-out.add=.&-source=VII/203/fields&recno=41,02 03 53.90,02 12 43.75,-39 43 48.4,-38 15 14.8,14.92,17.62,18.77,112,75,0.92,1994-01-10,167,SSA062-300; 0155-39M,02 05 58.97,-39 29 31.2
42,http://vizier.u-strasbg.fr/viz-bin/VizieR-5?-info=XML&-out.add=.&-source=VII/203/fields&recno=42,01 55 09.72,02 03 53.90,-39 43 48.4,-38 15 14.8,14.92,17.62,18.77,112,88,0.62,1991-04-10,134,SSA026-300; 0154-39W,01 57 16.62,-39 29 12.0
43,http://vizier.u-strasbg.fr/viz-bin/VizieR-5?-info=XML&-out.add=.&-source=VII/203/fields&recno=43,02 13 55.20,02 22 40.80,-45 43 48.0,-44 15 00.0,14.94,17.64,18.94,112,105,0.78,1993-03-10,195,SSA064-300; 0155-45E,02 15 51.05,-45 29 54.1
44,http://vizier.u-strasbg.fr/viz-bin/VizieR-5?-info=XML&-out.add=.&-source=VII/203/fields&recno=44,02 04 07.20,02 13 55.20,-45 43 48.0,-44 15 00.0,14.94,17.64,18.94,112,104,0.68,1994-02-10,181,SSA063-300; 0155-45M,02 06 05.51,-45 29 31.1
45,http://vizier.u-strasbg.fr/viz-bin/VizieR-5?-info=XML&-out.add=.&-source=VII/203/fields&recno=45,01 55 48.00,02 04 07.20,-45 43 48.0,-44 15 00.0,14.94,17.64,18.94,112,103,0.75,1993-12-10,153,SSA061-300; 0155-45W,01 57 48.45,-45 29 12.9
46,http://vizier.u-strasbg.fr/viz-bin/VizieR-5?-info=XML&-out.add=.&-source=VII/203/fields&recno=46,02 08 48.19,02 16 29.81,-42 43 53.0,-41 15 40.7,16.33,17.63,18.58,50,41,0.55,1989-06-10,185,SSA010-500; 0200-42E,02 10 48.95,-42 29 47.0
47,http://vizier.u-strasbg.fr/viz-bin/VizieR-5?-info=XML&-out.add=.&-source=VII/203/fields&recno=47,02 01 40.13,02 08 48.19,-42 43 53.0,-41 15 40.7,16.33,17.63,18.58,50,40,0.39,1990-11-10,121,SSA015-300; 0200-42W,02 03 42.52,-42 29 30.7
48,http://vizier.u-strasbg.fr/viz-bin/VizieR-5?-info=XML&-out.add=.&-source=VII/203/fields&recno=48,02 32 58.78,02 41 20.26,-42 42 55.1,-41 14 12.5,15.0,17.8,18.9,112,73,0.56,1993-11-09,145,SSA044-400; 0214-42E,02 34 54.28,-42 29 50.3
49,http://vizier.u-strasbg.fr/viz-bin/VizieR-5?-info=XML&-out.add=.&-source=VII/203/fields&recno=49,02 24 20.42,02 32 58.78,-42 42 55.1,-41 14 12.5,15.0,17.8,18.9,112,90,0.84,1993-10-09,131,SSA043-400; 0214-42M,02 26 17.76,-42 29 27.4
50,http://vizier.u-strasbg.fr/viz-bin/VizieR-5?-info=XML&-out.add=.&-source=VII/203/fields&recno=50,02 18 20.95,02 24 20.42,-42 42 55.1,-41 14 12.5,15.0,17.8,18.9,112,58,0.71,1993-03-09,198,SSA048-300; 0214-42W,02 20 19.60,-42 29 12.2
51,http://vizier.u-strasbg.fr/viz-bin/VizieR-5?-info=XML&-out.add=.&-source=VII/203/fields&recno=51,02 28 13.27,02 35 11.62,-39 44 09.6,-38 15 05.8,16.15,17.45,18.3,50,47,0.83,1989-04-10,177,SSA008-600; 0220-39E,02 30 13.49,-39 30 52.2
52,http://vizier.u-strasbg.fr/viz-bin/VizieR-5?-info=XML&-out.add=.&-source=VII/203/fields&recno=52,02 21 02.59,02 28 13.27,-39 44 09.6,-38 15 05.8,16.15,17.45,18.3,50,43,0.88,1989-03-10,166,SSA007-700; 0220-39W,02 23 04.20,-39 30 33.6
53,http://vizier.u-strasbg.fr/viz-bin/VizieR-5?-info=XML&-out.add=.&-source=VII/203/fields&recno=53,02 29 07.20,02 35 48.00,-45 43 48.0,-44 15 00.0,16.06,17.36,18.21,50,32,0.81,1991-01-10,143,SSA015-600; 0220-45E,02 30 59.37,-45 30 32.8
54,http://vizier.u-strasbg.fr/viz-bin/VizieR-5?-info=XML&-out.add=.&-source=VII/203/fields&recno=54,02 22 40.80,02 29 07.20,-45 43 48.0,-44 15 00.0,16.06,17.36,18.21,50,35,0.61,1991-02-10,157,SSA016-300; 0220-45W,02 24 34.51,-45 30 16.0
55,http://vizier.u-strasbg.fr/viz-bin/VizieR-5?-info=XML&-out.add=.&-source=VII/203/fields&recno=55,02 52 49.39,03 01 10.68,-39 43 38.6,-38 15 13.3,14.86,17.56,18.71,112,101,0.82,1991-09-10,191,SSA031-300; 0234-39E,02 54 45.09,-39 31 30.7
56,http://vizier.u-strasbg.fr/viz-bin/VizieR-5?-info=XML&-out.add=.&-source=VII/203/fields&recno=56,02 43 52.44,02 52 49.39,-39 43 38.6,-38 15 13.3,14.86,17.56,18.71,112,78,0.81,1991-08-10,177,SSA030-300; 0234-39M,02 45 49.74,-39 31 04.4
57,http://vizier.u-strasbg.fr/viz-bin/VizieR-5?-info=XML&-out.add=.&-source=VII/203/fields&recno=57,02 35 11.62,02 43 52.44,-39 43 38.6,-38 15 13.3,14.86,17.56,18.71,112,99,0.88,1991-07-10,166,SSA029-300; 0234-39W,02 37 10.52,-39 30 40.0
58,http://vizier.u-strasbg.fr/viz-bin/VizieR-5?-info=XML&-out.add=.&-source=VII/203/fields&recno=58,02 53 45.60,03 02 40.80,-45 43 12.0,-44 14 24.0,14.89,17.59,18.89,112,83,0.84,1994-01-10,111,SSA074-400; 0235-45E,02 55 32.20,-45 31 06.7
59,http://vizier.u-strasbg.fr/viz-bin/VizieR-5?-info=XML&-out.add=.&-source=VII/203/fields&recno=59,02 44 04.80,02 53 45.60,-45 43 12.0,-44 14 24.0,14.89,17.59,18.89,112,107,0.78,1993-05-10,223,SSA066-300; 0235-45M,02 45 53.53,-45 30 38.2
60,http://vizier.u-strasbg.fr/viz-bin/VizieR-5?-info=XML&-out.add=.&-source=VII/203/fields&recno=60,02 35 48.00,02 44 04.80,-45 43 12.0,-44 14 24.0,14.89,17.59,18.89,112,107,0.82,1993-04-10,209,SSA065-300; 0235-45W,02 37 38.62,-45 30 14.9
61,http://vizier.u-strasbg.fr/viz-bin/VizieR-5?-info=XML&-out.add=.&-source=VII/203/fields&recno=61,02 48 35.23,02 55 46.03,-42 44 02.4,-41 15 03.2,16.23,17.53,18.48,50,42,0.48,1989-02-10,155,SSA010-400; 0240-42E,02 50 27.51,-42 31 41.8
62,http://vizier.u-strasbg.fr/viz-bin/VizieR-5?-info=XML&-out.add=.&-source=VII/203/fields&recno=62,02 41 20.26,02 48 35.23,-42 44 02.4,-41 15 03.2,16.23,17.53,18.48,50,39,0.28,1989-01-10,141,SSA009-400; 0240-42W,02 43 14.00,-42 31 20.9
63,http://vizier.u-strasbg.fr/viz-bin/VizieR-5?-info=XML&-out.add=.&-source=VII/203/fields&recno=63,03 13 08.71,03 21 22.25,-42 43 23.9,-41 14 48.8,15.09,17.89,18.99,112,106,0.37,1993-11-10,142,SSA060-400; 0254-42E,03 14 56.38,-42 32 19.7
64,http://vizier.u-strasbg.fr/viz-bin/VizieR-5?-info=XML&-out.add=.&-source=VII/203/fields&recno=64,03 04 05.11,03 13 08.71,-42 43 23.9,-41 14 48.8,15.09,17.89,18.99,112,102,0.73,1994-01-09,173,SSA046-400; 0254-42M,03 05 54.43,-42 31 50.6
65,http://vizier.u-strasbg.fr/viz-bin/VizieR-5?-info=XML&-out.add=.&-source=VII/203/fields&recno=65,02 55 46.03,03 04 05.11,-42 43 23.9,-41 14 48.8,15.09,17.89,18.99,112,110,0.79,1993-12-09,159,SSA045-400; 0254-42W,02 57 36.92,-42 31 24.8
66,http://vizier.u-strasbg.fr/viz-bin/VizieR-5?-info=XML&-out.add=.&-source=VII/203/fields&recno=66,03 08 16.39,03 15 09.34,-39 44 00.6,-38 15 28.1,16.02,17.32,18.27,50,40,0.39,1990-06-09,124,SSA008-300; 0300-39E,03 10 09.45,-39 32 40.8
67,http://vizier.u-strasbg.fr/viz-bin/VizieR-5?-info=XML&-out.add=.&-source=VII/203/fields&recno=67,03 01 10.68,03 08 16.39,-39 44 00.6,-38 15 28.1,16.02,17.32,18.27,50,36,0.31,1988-09-11,137,SSA002-3100 0300-39W,03 03 04.93,-39 32 18.3
68,http://vizier.u-strasbg.fr/viz-bin/VizieR-5?-info=XML&-out.add=.&-source=VII/203/fields&recno=68,03 09 19.20,03 17 19.20,-45 43 48.0,-44 15 36.0,16.08,17.38,18.23,50,48,0.21,1990-04-10,185,SSA016-700; 0300-45E,03 11 02.54,-45 32 31.3
69,http://vizier.u-strasbg.fr/viz-bin/VizieR-5?-info=XML&-out.add=.&-source=VII/203/fields&recno=69,03 02 40.80,03 09 19.20,-45 43 48.0,-44 15 36.0,16.08,17.38,18.23,50,41,0.66,1990-03-10,171,SSA017-300; 0300-45W,03 04 25.50,-45 32 10.1
70,http://vizier.u-strasbg.fr/viz-bin/VizieR-5?-info=XML&-out.add=.&-source=VII/203/fields&recno=70,03 32 42.67,03 41 10.85,-39 43 31.8,-38 15 06.1,15.02,17.72,18.87,112,107,0.44,1994-02-09,187,SSA047-400; 0314-39E,03 34 31.96,-39 33 34.1
71,http://vizier.u-strasbg.fr/viz-bin/VizieR-5?-info=XML&-out.add=.&-source=VII/203/fields&recno=71,03 23 57.19,03 32 42.67,-39 43 31.8,-38 15 06.1,15.02,17.72,18.87,112,108,0.57,1993-12-10,156,SSA061-400; 0314-39M,03 25 47.78,-39 33 03.8
72,http://vizier.u-strasbg.fr/viz-bin/VizieR-5?-info=XML&-out.add=.&-source=VII/203/fields&recno=72,03 15 09.34,03 23 57.19,-39 43 31.8,-38 15 06.1,15.02,17.72,18.87,112,105,0.61,1991-03-10,123,SSA025-400; 0314-39W,03 17 01.30,-39 32 34.4
73,http://vizier.u-strasbg.fr/viz-bin/VizieR-5?-info=XML&-out.add=.&-source=VII/203/fields&recno=73,03 33 40.80,03 42 38.40,-45 43 12.0,-44 15 00.0,14.89,17.59,18.89,112,101,0.77,1994-04-10,148,SSA077-400; 0315-45E,03 35 19.53,-45 33 17.4
74,http://vizier.u-strasbg.fr/viz-bin/VizieR-5?-info=XML&-out.add=.&-source=VII/203/fields&recno=74,03 28 41.09,03 35 44.62,-42 44 14.3,-41 15 04.3,16.26,17.56,18.41,50,43,0.51,1989-04-10,180,SSA008-700; 0320-42E,03 30 26.07,-42 34 02.4
75,http://vizier.u-strasbg.fr/viz-bin/VizieR-5?-info=XML&-out.add=.&-source=VII/203/fields&recno=75,03 21 22.25,03 28 41.09,-42 44 14.3,-41 15 04.3,16.26,17.56,18.41,50,34,0.51,1989-03-10,169,SSA007-800; 0320-42W,03 23 08.46,-42 33 37.4
76,http://vizier.u-strasbg.fr/viz-bin/VizieR-5?-info=XML&-out.add=.&-source=VII/203/fields&recno=76,03 52 59.26,04 01 28.42,-42 43 14.9,-41 27 20.9,14.95,17.65,18.8,112,96,0.88,1993-03-10,198,SSA064-400; 0335-42E,03 54 40.55,-42 34 30.4
77,http://vizier.u-strasbg.fr/viz-bin/VizieR-5?-info=XML&-out.add=.&-source=VII/203/fields&recno=77,03 43 40.32,03 52 59.26,-42 43 14.9,-41 27 20.9,14.95,17.65,18.8,112,93,0.91,1994-02-10,184,SSA063-400; 0335-42M,03 45 22.96,-42 33 56.2
78,http://vizier.u-strasbg.fr/viz-bin/VizieR-5?-info=XML&-out.add=.&-source=VII/203/fields&recno=78,03 35 44.62,03 43 40.32,-42 43 14.9,-41 27 20.9,14.95,17.65,18.8,112,76,0.88,1994-01-10,170,SSA062-400; 0335-42W,03 37 28.49,-42 33 27.8
79,http://vizier.u-strasbg.fr/viz-bin/VizieR-5?-info=XML&-out.add=.&-source=VII/203/fields&recno=79,03 48 17.93,03 55 11.62,-39 44 10.7,-38 15 16.9,16.18,17.48,18.33,50,40,0.46,1990-06-09,127,SSA008-400; 0340-39E,03 50 05.05,-39 35 09.0
80,http://vizier.u-strasbg.fr/viz-bin/VizieR-5?-info=XML&-out.add=.&-source=VII/203/fields&recno=80,03 41 10.85,03 48 17.93,-39 44 10.7,-38 15 16.9,16.18,17.48,18.33,50,46,0.62,1990-05-09,111,SSA007-400; 0340-39W,03 42 58.93,-39 34 43.1
81,http://vizier.u-strasbg.fr/viz-bin/VizieR-5?-info=XML&-out.add=.&-source=VII/203/fields&recno=81,03 49 02.40,03 55 45.60,-45 43 48.0,-44 15 36.0,16.05,17.35,18.3,50,34,0.43,1991-02-10,160,SSA016-400; 0340-45E,03 50 38.51,-45 34 48.7
82,http://vizier.u-strasbg.fr/viz-bin/VizieR-5?-info=XML&-out.add=.&-source=VII/203/fields&recno=82,03 42 38.40,03 49 02.40,-45 43 48.0,-44 15 36.0,16.05,17.35,18.3,50,36,0.49,1990-05-10,199,SSA017-700; 0340-45W,03 44 15.56,-45 34 25.4
83,http://vizier.u-strasbg.fr/viz-bin/VizieR-5?-info=XML&-out.add=.&-source=VII/203/fields&recno=83,04 12 47.11,04 21 11.88,-39 43 18.1,-38 15 20.5,14.92,17.62,18.77,112,95,0.82,1991-08-10,180,SSA030-400; 0354-39E,04 14 31.31,-39 35 49.4
84,http://vizier.u-strasbg.fr/viz-bin/VizieR-5?-info=XML&-out.add=.&-source=VII/203/fields&recno=84,04 03 53.64,04 12 47.11,-39 43 18.1,-38 15 20.5,14.92,17.62,18.77,112,82,0.82,1991-07-10,169,SSA029-400; 0354-39M,04 05 38.85,-39 35 15.0
85,http://vizier.u-strasbg.fr/viz-bin/VizieR-5?-info=XML&-out.add=.&-source=VII/203/fields&recno=85,03 55 11.62,04 03 53.64,-39 43 18.1,-38 15 20.5,14.92,17.62,18.77,112,102,0.68,1991-06-10,155,SSA028-400; 0354-39W,03 56 57.88,-39 34 42.0
86,http://vizier.u-strasbg.fr/viz-bin/VizieR-5?-info=XML&-out.add=.&-source=VII/203/fields&recno=86,04 13 24.00,04 22 38.40,-45 43 12.0,-44 15 36.0,14.82,17.52,18.82,112,103,0.78,1994-07-10,190,SSA080-400; 0355-45E,04 14 56.52,-45 35 45.3
87,http://vizier.u-strasbg.fr/viz-bin/VizieR-5?-info=XML&-out.add=.&-source=VII/203/fields&recno=87,04 05 04.80,04 13 24.00,-45 43 12.0,-44 15 36.0,14.82,17.52,18.82,112,60,0.83,1994-06-10,176,SSA079-400; 0355-45M,04 06 38.48,-45 35 13.1
88,http://vizier.u-strasbg.fr/viz-bin/VizieR-5?-info=XML&-out.add=.&-source=VII/203/fields&recno=88,03 55 45.60,04 05 04.80,-45 43 12.0,-44 15 36.0,14.82,17.52,18.82,112,105,0.67,1994-05-10,162,SSA078-400; 0355-45W,03 57 20.67,-45 34 37.7
89,http://vizier.u-strasbg.fr/viz-bin/VizieR-5?-info=XML&-out.add=.&-source=VII/203/fields&recno=89,04 08 47.14,04 15 47.04,-42 44 03.1,-41 15 13.0,15.0,17.8,18.9,112,74,0.78,1993-03-09,201,SSA048-400; 0400-42E,04 10 26.29,-42 36 18.6
90,http://vizier.u-strasbg.fr/viz-bin/VizieR-5?-info=XML&-out.add=.&-source=VII/203/fields&recno=90,04 01 28.42,04 08 47.14,-42 44 03.1,-41 15 13.0,15.0,17.7,18.85,112,73,0.77,1991-09-10,194,SSA031-400; 0400-42W,04 03 08.52,-42 35 50.6
91,http://vizier.u-strasbg.fr/viz-bin/VizieR-5?-info=XML&-out.add=.&-source=VII/203/fields&recno=91,04 24 48.46,04 33 44.47,-42 43 04.1,-41 14 37.0,14.87,17.57,18.72,112,61,0.79,1993-05-10,226,SSA066-400; 0415-42E,04 26 25.77,-42 36 22.8
92,http://vizier.u-strasbg.fr/viz-bin/VizieR-5?-info=XML&-out.add=.&-source=VII/203/fields&recno=92,04 15 47.04,04 24 48.46,-42 43 04.1,-41 14 37.0,14.87,17.57,18.72,112,102,0.83,1993-04-10,212,SSA065-400; 0415-42W,04 17 25.37,-42 35 47.0
93,http://vizier.u-strasbg.fr/viz-bin/VizieR-5?-info=XML&-out.add=.&-source=VII/203/fields&recno=93,04 28 22.97,04 35 49.25,-39 44 04.6,-38 15 46.1,16.07,17.37,18.22,50,26,0.69,1988-08-11,126,SSA002-6100 0420-39E,04 30 05.56,-39 37 37.8
94,http://vizier.u-strasbg.fr/viz-bin/VizieR-5?-info=XML&-out.add=.&-source=VII/203/fields&recno=94,04 21 11.88,04 28 22.97,-39 44 04.6,-38 15 46.1,16.07,17.37,18.22,50,31,0.49,1988-06-11,102,SSA002-5100 0420-39W,04 22 55.17,-39 37 09.1
95,http://vizier.u-strasbg.fr/viz-bin/VizieR-5?-info=XML&-out.add=.&-source=VII/203/fields&recno=95,04 29 02.40,04 37 19.20,-45 43 48.0,-44 15 36.0,16.14,17.44,18.29,50,43,0.66,1990-05-10,202,SSA017-800; 0420-45E,04 30 32.95,-45 37 23.5
96,http://vizier.u-strasbg.fr/viz-bin/VizieR-5?-info=XML&-out.add=.&-source=VII/203/fields&recno=96,04 22 38.40,04 29 02.40,-45 43 48.0,-44 15 36.0,16.14,17.44,18.29,50,32,0.85,1990-04-10,188,SSA016-800; 0420-45W,04 24 09.71,-45 36 57.8
97,http://vizier.u-strasbg.fr/viz-bin/VizieR-5?-info=XML&-out.add=.&-source=VII/203/fields&recno=97,10 09 46.42,10 16 05.81,-02 17 31.9,-01 43 56.6,15.06,17.76,19.41,112,109,0.75,1993-09-03,165,SSA053-100; 1003-03E,10 12 18.88,-02 32 23.0
98,http://vizier.u-strasbg.fr/viz-bin/VizieR-5?-info=XML&-out.add=.&-source=VII/203/fields&recno=98,10 03 30.60,10 09 46.42,-02 17 31.9,-01 43 56.6,15.06,17.76,19.41,112,111,0.87,1993-08-03,150,SSA052-100; 1003-03W,10 06 02.99,-02 32 10.1
99,http://vizier.u-strasbg.fr/viz-bin/VizieR-5?-info=XML&-out.add=.&-source=VII/203/fields&recno=99,10 09 52.32,10 16 08.62,-05 17 47.4,-04 44 11.0,15.0,17.7,19.35,112,92,0.88,1993-07-03,136,SSA051-100; 1003-06E,10 12 23.17,-05 32 38.7
100,http://vizier.u-strasbg.fr/viz-bin/VizieR-5?-info=XML&-out.add=.&-source=VII/203/fields&recno=100,10 03 30.96,10 09 52.32,-05 17 47.4,-04 44 11.0,15.0,17.7,19.35,112,100,0.55,1993-06-03,122,SSA050-100; 1003-06W,10 06 01.65,-05 32 25.6
101,http://vizier.u-strasbg.fr/viz-bin/VizieR-5?-info=XML&-out.add=.&-source=VII/203/fields&recno=101,10 09 50.81,10 15 00.58,-12 42 16.6,-11 15 49.7,14.91,17.61,19.26,112,64,0.85,1993-05-03,111,SSA049-300; 1003-12E,10 12 17.59,-12 57 07.8
102,http://vizier.u-strasbg.fr/viz-bin/VizieR-5?-info=XML&-out.add=.&-source=VII/203/fields&recno=102,10 03 26.02,10 09 50.81,-12 42 16.6,-11 15 49.7,14.91,17.61,19.26,112,79,0.87,1993-04-03,103,SSA049-100; 1003-12W,10 05 52.43,-12 56 54.6
103,http://vizier.u-strasbg.fr/viz-bin/VizieR-5?-info=XML&-out.add=.&-source=VII/203/fields&recno=103,10 21 46.37,10 28 00.72,-02 15 48.2,-01 44 48.8,14.86,17.56,18.71,112,109,0.57,1994-10-03,179,SSA033-100; 1015-03E,10 24 18.97,-02 31 02.1
104,http://vizier.u-strasbg.fr/viz-bin/VizieR-5?-info=XML&-out.add=.&-source=VII/203/fields&recno=104,10 16 05.81,10 21 46.37,-02 15 48.2,-01 44 48.8,14.86,17.56,18.71,112,93,0.56,1992-01-04,102,SSA032-100; 1015-03W,10 18 38.35,-02 30 51.6
105,http://vizier.u-strasbg.fr/viz-bin/VizieR-5?-info=XML&-out.add=.&-source=VII/203/fields&recno=105,10 21 17.71,10 27 06.96,-05 16 03.7,-04 44 26.2,15.98,17.28,18.13,50,44,0.81,1991-03-03,118,SSA012-100; 1015-06E,10 23 48.85,-05 31 16.7
106,http://vizier.u-strasbg.fr/viz-bin/VizieR-5?-info=XML&-out.add=.&-source=VII/203/fields&recno=106,10 16 08.62,10 21 17.71,-05 16 03.7,-04 44 26.2,15.98,17.28,18.13,50,38,0.39,1992-02-03,102,SSA011-100; 1015-06W,10 18 39.64,-05 31 07.2
107,http://vizier.u-strasbg.fr/viz-bin/VizieR-5?-info=XML&-out.add=.&-source=VII/203/fields&recno=107,10 21 30.48,10 27 00.53,-12 42 59.8,-11 16 29.6,15.02,17.72,19.27,112,102,0.85,1994-04-04,103,SSA067-100; 1015-12E,10 23 57.95,-12 58 13.2
108,http://vizier.u-strasbg.fr/viz-bin/VizieR-5?-info=XML&-out.add=.&-source=VII/203/fields&recno=108,10 15 00.58,10 21 30.48,-12 42 59.8,-11 16 29.6,15.02,17.72,19.27,112,97,0.8,1994-12-04,199,SSA067-300; 1015-12W,10 17 27.66,-12 58 01.1
109,http://vizier.u-strasbg.fr/viz-bin/VizieR-5?-info=XML&-out.add=.&-source=VII/203/fields&recno=109,10 33 26.78,10 39 33.77,-02 15 49.3,-01 44 38.0,14.91,17.61,18.76,112,106,0.65,1992-03-04,107,SSA034-100; 1027-03E,10 35 59.51,-02 31 22.9
110,http://vizier.u-strasbg.fr/viz-bin/VizieR-5?-info=XML&-out.add=.&-source=VII/203/fields&recno=110,10 28 00.72,10 33 26.78,-02 15 49.3,-01 44 38.0,16.01,17.31,18.31,50,42,0.58,1992-02-04,132,SSA018-500; 1027-03W,10 30 33.39,-02 31 14.0
111,http://vizier.u-strasbg.fr/viz-bin/VizieR-5?-info=XML&-out.add=.&-source=VII/203/fields&recno=111,10 33 33.17,10 39 37.18,-05 15 33.1,-04 44 46.7,15.92,17.22,18.22,50,38,0.76,1992-01-04,118,SSA019-100; 1027-06E,10 36 04.63,-05 31 06.9
112,http://vizier.u-strasbg.fr/viz-bin/VizieR-5?-info=XML&-out.add=.&-source=VII/203/fields&recno=112,10 27 30.82,10 33 33.17,-05 15 33.1,-04 44 46.7,15.92,17.22,18.22,50,45,0.66,1991-12-04,103,SSA018-100; 1027-06W,10 30 02.12,-05 30 57.0
113,http://vizier.u-strasbg.fr/viz-bin/VizieR-5?-info=XML&-out.add=.&-source=VII/203/fields&recno=113,10 33 38.28,10 39 00.22,-12 43 58.8,-11 15 01.4,15.01,17.71,18.86,112,87,0.67,1994-12-03,208,SSA055-100; 1027-12E,10 36 06.49,-12 59 32.7
114,http://vizier.u-strasbg.fr/viz-bin/VizieR-5?-info=XML&-out.add=.&-source=VII/203/fields&recno=114,10 27 00.53,10 33 38.28,-12 43 58.8,-11 15 01.4,15.01,17.71,18.86,112,107,0.77,1994-11-03,193,SSA054-100; 1027-12W,10 29 28.33,-12 59 21.8
115,http://vizier.u-strasbg.fr/viz-bin/VizieR-5?-info=XML&-out.add=.&-source=VII/203/fields&recno=115,10 45 30.41,10 52 00.53,-02 15 43.2,-01 44 45.6,14.94,17.64,18.79,112,101,0.79,1992-05-04,137,SSA036-100; 1039-03E,10 48 03.28,-02 31 34.7
116,http://vizier.u-strasbg.fr/viz-bin/VizieR-5?-info=XML&-out.add=.&-source=VII/203/fields&recno=116,10 39 33.77,10 45 30.41,-02 15 43.2,-01 44 45.6,14.94,17.64,18.79,112,97,0.67,1992-04-04,123,SSA035-100; 1039-03W,10 42 06.57,-02 31 26.2
117,http://vizier.u-strasbg.fr/viz-bin/VizieR-5?-info=XML&-out.add=.&-source=VII/203/fields&recno=117,10 45 02.45,10 51 06.14,-05 16 06.6,-04 44 34.8,16.26,17.56,18.41,50,46,0.48,1990-02-04,182,SSA006-100; 1039-06E,10 47 34.20,-05 31 57.5
118,http://vizier.u-strasbg.fr/viz-bin/VizieR-5?-info=XML&-out.add=.&-source=VII/203/fields&recno=118,10 39 37.18,10 45 02.45,-05 16 06.6,-04 44 34.8,16.26,17.56,18.41,50,44,0.9,1991-04-03,132,SSA013-100; 1039-06W,10 42 08.79,-05 31 49.7
119,http://vizier.u-strasbg.fr/viz-bin/VizieR-5?-info=XML&-out.add=.&-source=VII/203/fields&recno=119,10 45 28.01,10 51 59.69,-12 42 41.0,-11 16 11.6,15.03,17.73,19.28,112,111,0.73,1994-07-04,129,SSA069-100; 1039-12E,10 47 56.97,-12 58 32.5
120,http://vizier.u-strasbg.fr/viz-bin/VizieR-5?-info=XML&-out.add=.&-source=VII/203/fields&recno=120,10 39 00.22,10 45 28.01,-12 42 41.0,-11 16 11.6,15.03,17.73,19.28,112,103,0.68,1994-06-04,115,SSA068-100; 1039-12W,10 41 28.77,-12 58 23.2
121,http://vizier.u-strasbg.fr/viz-bin/VizieR-5?-info=XML&-out.add=.&-source=VII/203/fields&recno=121,10 57 34.87,11 03 00.26,-02 15 48.2,-01 44 50.6,16.09,17.39,18.29,50,33,0.94,1991-07-04,194,SSA022-100; 1051-03E,11 00 07.88,-02 31 55.0
122,http://vizier.u-strasbg.fr/viz-bin/VizieR-5?-info=XML&-out.add=.&-source=VII/203/fields&recno=122,10 52 00.53,10 57 34.87,-02 15 48.2,-01 44 50.6,16.09,17.39,18.29,50,32,0.89,1991-06-04,180,SSA020-500; 1051-03W,10 54 33.48,-02 31 48.3
123,http://vizier.u-strasbg.fr/viz-bin/VizieR-5?-info=XML&-out.add=.&-source=VII/203/fields&recno=123,10 57 11.11,11 03 27.31,-05 15 45.0,-04 44 37.0,16.08,17.38,18.28,50,48,0.66,1991-05-04,166,SSA021-100; 1051-06E,10 59 43.18,-05 31 51.3
124,http://vizier.u-strasbg.fr/viz-bin/VizieR-5?-info=XML&-out.add=.&-source=VII/203/fields&recno=124,10 51 31.66,10 57 11.11,-05 15 45.0,-04 44 37.0,16.08,17.38,18.28,50,48,0.6,1991-04-04,151,SSA020-100; 1051-06W,10 54 03.58,-05 31 44.5
125,http://vizier.u-strasbg.fr/viz-bin/VizieR-5?-info=XML&-out.add=.&-source=VII/203/fields&recno=125,10 57 37.80,11 04 16.75,-12 42 06.8,-11 15 36.7,15.08,17.78,19.43,112,105,0.79,1995-02-03,233,SSA057-100; 1051-12E,11 00 07.54,-12 58 13.7
126,http://vizier.u-strasbg.fr/viz-bin/VizieR-5?-info=XML&-out.add=.&-source=VII/203/fields&recno=126,10 51 59.69,10 57 37.80,-12 42 06.8,-11 15 36.7,15.08,17.78,19.43,112,93,0.49,1994-08-04,143,SSA070-100; 1051-12W,10 54 29.07,-12 58 06.9
127,http://vizier.u-strasbg.fr/viz-bin/VizieR-5?-info=XML&-out.add=.&-source=VII/203/fields&recno=127,11 09 30.94,11 16 00.74,-02 16 07.0,-01 45 07.6,14.94,17.64,18.79,112,109,0.54,1992-07-04,165,SSA038-100; 1103-03E,11 12 04.09,-02 32 26.2
128,http://vizier.u-strasbg.fr/viz-bin/VizieR-5?-info=XML&-out.add=.&-source=VII/203/fields&recno=128,11 03 00.26,11 09 30.94,-02 16 07.0,-01 45 07.6,14.94,17.64,18.79,112,105,0.55,1992-06-04,151,SSA037-100; 1103-03W,11 05 33.33,-02 32 19.8
129,http://vizier.u-strasbg.fr/viz-bin/VizieR-5?-info=XML&-out.add=.&-source=VII/203/fields&recno=129,11 09 18.22,11 15 05.64,-05 15 41.0,-04 44 32.6,16.03,17.33,18.28,50,39,0.51,1989-06-05,117,SSA004-200; 1103-06E,11 11 50.62,-05 32 00.0
130,http://vizier.u-strasbg.fr/viz-bin/VizieR-5?-info=XML&-out.add=.&-source=VII/203/fields&recno=130,11 03 28.44,11 09 18.22,-05 15 41.0,-04 44 32.6,16.03,17.33,18.28,50,40,0.93,1991-12-04,106,SSA018-200; 1103-06W,11 06 00.68,-05 31 54.3
131,http://vizier.u-strasbg.fr/viz-bin/VizieR-5?-info=XML&-out.add=.&-source=VII/203/fields&recno=131,11 09 30.36,11 15 58.27,-12 43 00.8,-11 16 36.5,15.03,17.73,19.28,112,109,0.59,1994-10-04,171,SSA072-100; 1103-12E,11 12 00.86,-12 59 20.1
132,http://vizier.u-strasbg.fr/viz-bin/VizieR-5?-info=XML&-out.add=.&-source=VII/203/fields&recno=132,11 04 16.75,11 09 30.36,-12 43 00.8,-11 16 36.5,15.03,17.73,19.28,112,69,0.89,1994-09-04,157,SSA071-100; 1103-12W,11 06 46.91,-12 59 14.9
133,http://vizier.u-strasbg.fr/viz-bin/VizieR-5?-info=XML&-out.add=.&-source=VII/203/fields&recno=133,11 21 29.57,11 27 00.17,-02 15 56.5,-01 44 57.8,14.73,17.53,18.63,112,67,0.85,1993-06-03,125,SSA050-200; 1115-03E,11 24 02.87,-02 32 25.5
134,http://vizier.u-strasbg.fr/viz-bin/VizieR-5?-info=XML&-out.add=.&-source=VII/203/fields&recno=134,11 16 00.74,11 21 29.57,-02 15 56.5,-01 44 57.8,14.73,17.53,18.63,112,95,0.83,1992-08-04,179,SSA039-100; 1115-03W,11 18 33.97,-02 32 21.4
135,http://vizier.u-strasbg.fr/viz-bin/VizieR-5?-info=XML&-out.add=.&-source=VII/203/fields&recno=135,11 21 28.03,11 27 38.09,-05 15 28.4,-04 44 33.7,16.08,17.38,18.38,50,50,0.85,1992-02-04,135,SSA018-600; 1115-06E,11 24 00.76,-05 31 57.4
136,http://vizier.u-strasbg.fr/viz-bin/VizieR-5?-info=XML&-out.add=.&-source=VII/203/fields&recno=136,11 15 30.91,11 21 28.03,-05 15 28.4,-04 44 33.7,16.08,17.38,18.38,50,48,0.83,1992-01-04,121,SSA019-200; 1115-06W,11 18 03.48,-05 31 52.9
137,http://vizier.u-strasbg.fr/viz-bin/VizieR-5?-info=XML&-out.add=.&-source=VII/203/fields&recno=137,11 21 35.30,11 28 18.50,-12 42 11.5,-11 16 03.0,15.01,17.71,19.36,112,109,0.81,1993-04-03,106,SSA049-200; 1115-12E,11 24 06.59,-12 58 40.7
138,http://vizier.u-strasbg.fr/viz-bin/VizieR-5?-info=XML&-out.add=.&-source=VII/203/fields&recno=138,11 15 58.27,11 21 35.30,-12 42 11.5,-11 16 03.0,15.01,17.71,19.36,112,90,0.82,1993-05-03,114,SSA049-400; 1115-12W,11 18 29.20,-12 58 36.4
139,http://vizier.u-strasbg.fr/viz-bin/VizieR-5?-info=XML&-out.add=.&-source=VII/203/fields&recno=139,11 33 28.37,11 39 58.06,-02 15 49.3,-01 45 04.3,14.88,17.58,18.73,112,105,0.52,1992-03-04,110,SSA034-200; 1127-03E,11 36 01.81,-02 32 25.5
140,http://vizier.u-strasbg.fr/viz-bin/VizieR-5?-info=XML&-out.add=.&-source=VII/203/fields&recno=140,11 27 00.17,11 33 28.37,-02 15 49.3,-01 45 04.3,14.88,17.58,18.73,112,109,0.71,1994-10-03,182,SSA033-200; 1127-03W,11 29 33.54,-02 32 22.0
141,http://vizier.u-strasbg.fr/viz-bin/VizieR-5?-info=XML&-out.add=.&-source=VII/203/fields&recno=141,11 33 11.81,11 39 05.69,-05 28 18.8,-04 44 28.0,16.01,17.31,18.16,50,36,0.93,1990-01-04,168,SSA013-500; 1127-06E,11 35 44.83,-05 44 54.8
142,http://vizier.u-strasbg.fr/viz-bin/VizieR-5?-info=XML&-out.add=.&-source=VII/203/fields&recno=142,11 27 38.09,11 33 11.81,-05 28 18.8,-04 44 28.0,16.01,17.31,18.16,50,48,0.69,1991-07-03,154,SSA012-500; 1127-06W,11 30 10.95,-05 44 51.9
143,http://vizier.u-strasbg.fr/viz-bin/VizieR-5?-info=XML&-out.add=.&-source=VII/203/fields&recno=143,11 33 37.63,11 39 01.63,-12 43 14.2,-11 16 28.6,15.01,17.71,19.26,112,102,0.45,1994-12-04,202,SSA067-400; 1127-12E,11 36 09.72,-12 59 50.5
144,http://vizier.u-strasbg.fr/viz-bin/VizieR-5?-info=XML&-out.add=.&-source=VII/203/fields&recno=144,11 28 18.50,11 33 37.63,-12 43 14.2,-11 16 28.6,15.01,17.71,19.26,112,99,0.51,1994-11-04,185,SSA073-100; 1127-12W,11 30 50.23,-12 59 47.7
145,http://vizier.u-strasbg.fr/viz-bin/VizieR-5?-info=XML&-out.add=.&-source=VII/203/fields&recno=145,11 45 26.45,11 51 31.18,-02 15 49.7,-01 44 54.2,14.81,17.61,18.71,112,110,0.43,1992-06-04,154,SSA037-200; 1139-03E,11 48 00.04,-02 32 30.3
146,http://vizier.u-strasbg.fr/viz-bin/VizieR-5?-info=XML&-out.add=.&-source=VII/203/fields&recno=146,11 39 58.06,11 45 26.45,-02 15 49.7,-01 44 54.2,14.81,17.61,18.71,112,97,0.57,1992-05-04,140,SSA036-200; 1139-03W,11 42 31.58,-02 32 28.6
147,http://vizier.u-strasbg.fr/viz-bin/VizieR-5?-info=XML&-out.add=.&-source=VII/203/fields&recno=147,11 45 30.91,11 51 34.61,-05 15 37.1,-04 44 58.9,16.08,17.38,18.38,50,47,0.52,1991-04-04,154,SSA020-200; 1139-06E,11 48 04.30,-05 32 17.7
148,http://vizier.u-strasbg.fr/viz-bin/VizieR-5?-info=XML&-out.add=.&-source=VII/203/fields&recno=148,11 39 28.82,11 45 30.91,-05 15 37.1,-04 44 58.9,14.98,17.68,18.83,112,109,0.74,1992-04-04,126,SSA035-200; 1139-06W,11 42 02.04,-05 32 15.8
149,http://vizier.u-strasbg.fr/viz-bin/VizieR-5?-info=XML&-out.add=.&-source=VII/203/fields&recno=149,11 45 41.33,11 52 20.90,-12 43 01.6,-11 16 20.3,15.0,17.7,19.35,112,109,0.68,1993-08-03,153,SSA052-200; 1139-12E,11 48 14.22,-12 59 42.3
150,http://vizier.u-strasbg.fr/viz-bin/VizieR-5?-info=XML&-out.add=.&-source=VII/203/fields&recno=150,11 39 01.63,11 45 41.33,-12 43 01.6,-11 16 20.3,15.0,17.7,19.35,112,110,0.54,1993-07-03,139,SSA051-200; 1139-12W,11 41 34.07,-12 59 40.2
151,http://vizier.u-strasbg.fr/viz-bin/VizieR-5?-info=XML&-out.add=.&-source=VII/203/fields&recno=151,11 57 30.24,12 03 42.31,-02 15 26.3,-01 44 51.4,15.01,17.71,18.86,112,95,0.9,1992-08-04,182,SSA039-200; 1151-03E,12 00 03.98,-02 32 08.5
152,http://vizier.u-strasbg.fr/viz-bin/VizieR-5?-info=XML&-out.add=.&-source=VII/203/fields&recno=152,11 51 31.18,11 57 30.24,-02 15 26.3,-01 44 51.4,15.01,17.71,18.86,112,88,0.86,1992-07-04,168,SSA038-200; 1151-03W,11 54 04.85,-02 32 08.0
153,http://vizier.u-strasbg.fr/viz-bin/VizieR-5?-info=XML&-out.add=.&-source=VII/203/fields&recno=153,11 57 09.77,12 03 07.08,-05 15 38.9,-04 44 33.0,16.04,17.34,18.19,50,46,0.58,1991-03-03,121,SSA012-200; 1151-06E,11 59 43.48,-05 32 21.1
154,http://vizier.u-strasbg.fr/viz-bin/VizieR-5?-info=XML&-out.add=.&-source=VII/203/fields&recno=154,11 51 34.61,11 57 09.77,-05 15 38.9,-04 44 33.0,16.04,17.34,18.19,50,45,0.65,1992-02-03,105,SSA011-200; 1151-06W,11 54 08.17,-05 32 20.7
155,http://vizier.u-strasbg.fr/viz-bin/VizieR-5?-info=XML&-out.add=.&-source=VII/203/fields&recno=155,11 57 29.23,12 03 00.91,-12 42 58.7,-11 16 17.8,15.03,17.73,19.28,112,54,0.77,1994-06-04,118,SSA068-200; 1151-12E,12 00 02.90,-12 59 41.0
156,http://vizier.u-strasbg.fr/viz-bin/VizieR-5?-info=XML&-out.add=.&-source=VII/203/fields&recno=156,11 52 20.90,11 57 29.23,-12 42 58.7,-11 16 17.8,15.03,17.73,19.28,112,90,0.79,1994-04-04,106,SSA067-200; 1151-12W,11 54 54.23,-12 59 40.6
157,http://vizier.u-strasbg.fr/viz-bin/VizieR-5?-info=XML&-out.add=.&-source=VII/203/fields&recno=157,12 09 31.32,12 15 31.30,-02 15 18.7,-01 44 43.8,15.05,17.65,18.85,112,108,0.59,1994-12-03,211,SSA055-200; 1203-03E,12 12 05.21,-02 31 59.8
158,http://vizier.u-strasbg.fr/viz-bin/VizieR-5?-info=XML&-out.add=.&-source=VII/203/fields&recno=158,12 03 42.31,12 09 31.32,-02 15 18.7,-01 44 43.8,15.05,17.65,18.85,112,96,0.89,1992-09-04,194,SSA040-100; 1203-03W,12 06 16.13,-02 32 00.7
159,http://vizier.u-strasbg.fr/viz-bin/VizieR-5?-info=XML&-out.add=.&-source=VII/203/fields&recno=159,12 09 36.02,12 15 36.74,-05 15 15.1,-04 44 41.3,16.02,17.32,18.22,50,46,0.42,1991-06-04,183,SSA020-600; 1203-06E,12 12 10.08,-05 31 56.2
160,http://vizier.u-strasbg.fr/viz-bin/VizieR-5?-info=XML&-out.add=.&-source=VII/203/fields&recno=160,12 03 30.98,12 09 36.02,-05 15 15.1,-04 44 41.3,16.02,17.32,18.22,50,46,0.63,1991-05-04,169,SSA021-200; 1203-06W,12 06 04.87,-05 31 57.1
161,http://vizier.u-strasbg.fr/viz-bin/VizieR-5?-info=XML&-out.add=.&-source=VII/203/fields&recno=161,12 09 39.19,12 15 00.48,-12 42 55.8,-11 16 20.6,15.03,17.73,19.38,112,84,0.86,1994-11-03,196,SSA054-200; 1203-12E,12 12 13.67,-12 59 37.0
162,http://vizier.u-strasbg.fr/viz-bin/VizieR-5?-info=XML&-out.add=.&-source=VII/203/fields&recno=162,12 03 00.91,12 09 39.19,-12 42 55.8,-11 16 20.6,15.03,17.73,19.38,112,75,0.89,1993-09-03,168,SSA053-200; 1203-12W,12 05 34.95,-12 59 37.9
163,http://vizier.u-strasbg.fr/viz-bin/VizieR-5?-info=XML&-out.add=.&-source=VII/203/fields&recno=163,12 21 28.97,12 27 29.74,-02 15 47.5,-01 44 50.3,14.79,17.59,18.69,112,104,0.89,1994-10-03,185,SSA033-300; 1215-03E,12 24 03.01,-02 32 24.8
164,http://vizier.u-strasbg.fr/viz-bin/VizieR-5?-info=XML&-out.add=.&-source=VII/203/fields&recno=164,12 15 31.30,12 21 28.97,-02 15 47.5,-01 44 50.3,14.79,17.59,18.69,112,104,0.86,1995-01-03,222,SSA056-200; 1215-03W,12 18 05.26,-02 32 27.0
165,http://vizier.u-strasbg.fr/viz-bin/VizieR-5?-info=XML&-out.add=.&-source=VII/203/fields&recno=165,12 21 16.92,12 27 07.68,-05 15 44.3,-04 44 21.1,16.07,17.37,18.22,50,37,0.93,1991-07-04,197,SSA022-200; 1215-06E,12 23 51.30,-05 32 21.7
166,http://vizier.u-strasbg.fr/viz-bin/VizieR-5?-info=XML&-out.add=.&-source=VII/203/fields&recno=166,12 15 36.74,12 21 16.92,-05 15 44.3,-04 44 21.1,16.07,17.37,18.22,50,41,0.92,1991-04-03,135,SSA013-200; 1215-06W,12 18 10.96,-05 32 23.8
167,http://vizier.u-strasbg.fr/viz-bin/VizieR-5?-info=XML&-out.add=.&-source=VII/203/fields&recno=167,12 21 27.07,12 26 58.68,-12 43 14.2,-11 16 34.3,15.04,17.74,19.29,112,72,0.87,1994-08-04,146,SSA070-200; 1215-12E,12 24 02.34,-12 59 51.6
168,http://vizier.u-strasbg.fr/viz-bin/VizieR-5?-info=XML&-out.add=.&-source=VII/203/fields&recno=168,12 15 00.48,12 21 27.07,-12 43 14.2,-11 16 34.3,15.04,17.74,19.29,112,82,0.79,1994-07-04,132,SSA069-200; 1215-12W,12 17 35.32,-12 59 54.0
169,http://vizier.u-strasbg.fr/viz-bin/VizieR-5?-info=XML&-out.add=.&-source=VII/203/fields&recno=169,12 33 27.70,12 39 18.65,-02 13 54.8,-01 44 39.1,15.92,17.22,18.07,50,48,0.91,1990-01-04,171,SSA013-600; 1227-03E,12 36 01.88,-02 30 25.5
170,http://vizier.u-strasbg.fr/viz-bin/VizieR-5?-info=XML&-out.add=.&-source=VII/203/fields&recno=170,12 27 29.74,12 33 27.70,-02 13 54.8,-01 44 39.1,15.92,17.22,18.07,50,33,0.82,1991-07-03,157,SSA012-600; 1227-03W,12 30 03.84,-02 30 29.1
171,http://vizier.u-strasbg.fr/viz-bin/VizieR-5?-info=XML&-out.add=.&-source=VII/203/fields&recno=171,12 33 27.58,12 39 36.74,-05 15 37.1,-04 44 36.2,16.16,17.46,18.36,50,48,0.68,1991-12-04,109,SSA018-300; 1227-06E,12 36 02.29,-05 32 07.9
172,http://vizier.u-strasbg.fr/viz-bin/VizieR-5?-info=XML&-out.add=.&-source=VII/203/fields&recno=172,12 27 30.17,12 33 27.58,-05 15 37.1,-04 44 36.2,16.16,17.46,18.36,50,38,0.76,1991-08-04,208,SSA021-500; 1227-06W,12 30 04.72,-05 32 11.5
173,http://vizier.u-strasbg.fr/viz-bin/VizieR-5?-info=XML&-out.add=.&-source=VII/203/fields&recno=173,12 33 37.20,12 40 19.08,-12 42 40.3,-11 37 09.1,15.1,17.8,19.45,112,99,0.89,1993-05-03,117,SSA049-500; 1227-12E,12 36 13.27,-12 59 11.0
174,http://vizier.u-strasbg.fr/viz-bin/VizieR-5?-info=XML&-out.add=.&-source=VII/203/fields&recno=174,12 26 58.68,12 33 37.20,-12 42 40.3,-11 37 09.1,15.1,17.8,19.45,112,105,0.87,1995-02-03,236,SSA057-200; 1227-12W,12 29 34.31,-12 59 15.0
175,http://vizier.u-strasbg.fr/viz-bin/VizieR-5?-info=XML&-out.add=.&-source=VII/203/fields&recno=175,12 45 27.94,12 51 19.46,-02 16 31.1,-01 44 34.1,15.85,17.15,18.0,50,43,0.76,1992-02-03,108,SSA011-300; 1239-03E,12 48 02.27,-02 32 52.6
176,http://vizier.u-strasbg.fr/viz-bin/VizieR-5?-info=XML&-out.add=.&-source=VII/203/fields&recno=176,12 39 28.66,12 45 27.94,-02 16 31.1,-01 44 34.1,15.85,17.15,18.0,50,25,0.45,1991-09-04,219,SSA022-500; 1239-03W,12 42 02.92,-02 32 57.5
177,http://vizier.u-strasbg.fr/viz-bin/VizieR-5?-info=XML&-out.add=.&-source=VII/203/fields&recno=177,12 45 11.78,12 51 06.84,-05 15 44.6,-04 44 31.6,16.13,17.43,18.28,50,43,0.47,1990-02-04,185,SSA006-300; 1239-06E,12 47 46.81,-05 32 06.3
178,http://vizier.u-strasbg.fr/viz-bin/VizieR-5?-info=XML&-out.add=.&-source=VII/203/fields&recno=178,12 39 36.74,12 45 11.78,-05 15 44.6,-04 44 31.6,16.13,17.43,18.28,50,43,0.47,1989-02-05,101,SSA005-300; 1239-06W,12 42 11.62,-05 32 10.9
179,http://vizier.u-strasbg.fr/viz-bin/VizieR-5?-info=XML&-out.add=.&-source=VII/203/fields&recno=179,12 45 32.21,12 51 58.68,-12 43 21.7,-11 16 50.5,14.92,17.62,19.17,112,110,0.63,1994-10-04,174,SSA072-200; 1239-12E,12 48 09.07,-12 59 43.1
180,http://vizier.u-strasbg.fr/viz-bin/VizieR-5?-info=XML&-out.add=.&-source=VII/203/fields&recno=180,12 40 19.08,12 45 32.21,-12 43 21.7,-11 16 50.5,14.92,17.62,19.17,112,83,0.57,1994-09-04,160,SSA071-200; 1239-12W,12 42 55.59,-12 59 47.5
181,http://vizier.u-strasbg.fr/viz-bin/VizieR-5?-info=XML&-out.add=.&-source=VII/203/fields&recno=181,12 57 21.41,13 03 13.54,-02 13 37.6,-01 44 25.1,15.83,17.13,18.08,50,47,0.37,1991-04-03,138,SSA013-300; 1251-03E,12 59 55.87,-02 29 47.2
182,http://vizier.u-strasbg.fr/viz-bin/VizieR-5?-info=XML&-out.add=.&-source=VII/203/fields&recno=182,12 51 23.11,12 57 21.41,-02 13 37.6,-01 44 25.1,15.83,17.13,18.08,50,47,0.62,1991-03-03,124,SSA012-300; 1251-03W,12 53 57.50,-02 29 53.5
183,http://vizier.u-strasbg.fr/viz-bin/VizieR-5?-info=XML&-out.add=.&-source=VII/203/fields&recno=183,12 57 28.78,13 03 33.10,-05 15 20.9,-04 44 47.8,16.1,17.4,18.4,50,47,0.53,1992-02-04,138,SSA018-700; 1251-06E,13 00 04.14,-05 31 30.4
184,http://vizier.u-strasbg.fr/viz-bin/VizieR-5?-info=XML&-out.add=.&-source=VII/203/fields&recno=184,12 51 29.11,12 57 28.78,-05 15 20.9,-04 44 47.8,16.1,17.4,18.4,50,46,0.76,1992-01-04,124,SSA019-300; 1251-06W,12 54 04.31,-05 31 36.7
185,http://vizier.u-strasbg.fr/viz-bin/VizieR-5?-info=XML&-out.add=.&-source=VII/203/fields&recno=185,12 57 38.47,13 04 18.02,-12 42 49.7,-11 16 21.7,15.03,17.73,19.38,112,106,0.91,1993-07-03,142,SSA051-300; 1251-12E,13 00 16.11,-12 58 59.0
186,http://vizier.u-strasbg.fr/viz-bin/VizieR-5?-info=XML&-out.add=.&-source=VII/203/fields&recno=186,12 51 58.68,12 57 38.47,-12 42 49.7,-11 16 21.7,15.03,17.73,19.38,112,93,0.47,1993-06-03,128,SSA050-300; 1251-12W,12 54 35.95,-12 59 05.0
187,http://vizier.u-strasbg.fr/viz-bin/VizieR-5?-info=XML&-out.add=.&-source=VII/203/fields&recno=187,13 09 25.20,13 15 19.58,-02 13 39.0,-01 44 40.6,16.0,17.3,18.15,50,39,0.89,1991-07-03,160,SSA012-700; 1303-03E,13 11 59.80,-02 29 33.9
188,http://vizier.u-strasbg.fr/viz-bin/VizieR-5?-info=XML&-out.add=.&-source=VII/203/fields&recno=188,13 03 30.26,13 09 25.20,-02 13 39.0,-01 44 40.6,16.0,17.3,18.15,50,45,0.68,1991-05-03,147,SSA011-700; 1303-03W,13 06 04.79,-02 29 41.5
189,http://vizier.u-strasbg.fr/viz-bin/VizieR-5?-info=XML&-out.add=.&-source=VII/203/fields&recno=189,13 09 22.85,13 15 05.14,-05 15 41.0,-04 44 23.3,16.28,17.58,18.43,50,39,0.51,1989-06-05,120,SSA004-400; 1303-06E,13 11 58.53,-05 31 36.0
190,http://vizier.u-strasbg.fr/viz-bin/VizieR-5?-info=XML&-out.add=.&-source=VII/203/fields&recno=190,13 03 33.10,13 09 22.85,-05 15 41.0,-04 44 23.3,16.28,17.58,18.43,50,44,0.51,1989-05-05,107,SSA003-400; 1303-06W,13 06 08.62,-05 31 43.4
191,http://vizier.u-strasbg.fr/viz-bin/VizieR-5?-info=XML&-out.add=.&-source=VII/203/fields&recno=191,13 09 31.51,13 15 59.11,-12 43 20.3,-11 16 59.2,14.97,17.67,19.22,112,92,0.86,1994-12-04,205,SSA067-500; 1303-12E,13 12 09.91,-12 59 15.1
192,http://vizier.u-strasbg.fr/viz-bin/VizieR-5?-info=XML&-out.add=.&-source=VII/203/fields&recno=192,13 04 18.02,13 09 31.51,-12 43 20.3,-11 16 59.2,14.97,17.67,19.22,112,68,0.87,1994-11-04,188,SSA073-200; 1303-12W,13 06 56.09,-12 59 21.8
193,http://vizier.u-strasbg.fr/viz-bin/VizieR-5?-info=XML&-out.add=.&-source=VII/203/fields&recno=193,13 21 20.71,13 27 13.63,-02 14 04.9,-01 44 55.7,15.88,17.18,18.13,50,50,0.53,1992-02-03,111,SSA011-400; 1315-03E,13 23 55.45,-02 29 42.7
194,http://vizier.u-strasbg.fr/viz-bin/VizieR-5?-info=XML&-out.add=.&-source=VII/203/fields&recno=194,13 15 26.62,13 21 20.71,-02 14 04.9,-01 44 55.7,15.88,17.18,18.13,50,49,0.67,1990-01-04,174,SSA013-700; 1315-03W,13 18 01.29,-02 29 51.5
195,http://vizier.u-strasbg.fr/viz-bin/VizieR-5?-info=XML&-out.add=.&-source=VII/203/fields&recno=195,13 21 38.35,13 27 29.02,-05 15 22.3,-04 44 30.5,16.1,17.4,18.3,50,28,0.84,1991-04-04,158,SSA020-300; 1315-06E,13 24 14.34,-05 30 59.6
196,http://vizier.u-strasbg.fr/viz-bin/VizieR-5?-info=XML&-out.add=.&-source=VII/203/fields&recno=196,13 15 28.56,13 21 38.35,-05 15 22.3,-04 44 30.5,15.0,17.7,18.85,112,68,0.71,1992-03-04,114,SSA034-300; 1315-06W,13 18 04.39,-05 31 08.8
197,http://vizier.u-strasbg.fr/viz-bin/VizieR-5?-info=XML&-out.add=.&-source=VII/203/fields&recno=197,13 21 39.19,13 28 17.59,-12 42 31.7,-11 16 13.8,14.92,17.62,19.27,112,108,0.83,1993-09-03,171,SSA053-300; 1315-12E,13 24 18.35,-12 58 09.0
198,http://vizier.u-strasbg.fr/viz-bin/VizieR-5?-info=XML&-out.add=.&-source=VII/203/fields&recno=198,13 15 59.11,13 21 39.19,-12 42 31.7,-11 16 13.8,14.92,17.62,19.27,112,57,0.76,1993-08-03,157,SSA052-300; 1315-12W,13 18 37.91,-12 58 17.5
199,http://vizier.u-strasbg.fr/viz-bin/VizieR-5?-info=XML&-out.add=.&-source=VII/203/fields&recno=199,13 33 24.96,13 39 29.93,-02 15 15.8,-01 44 20.8,14.93,17.63,18.78,112,107,0.81,1992-04-04,129,SSA035-300; 1327-03E,13 35 59.84,-02 30 33.7
200,http://vizier.u-strasbg.fr/viz-bin/VizieR-5?-info=XML&-out.add=.&-source=VII/203/fields&recno=200,13 27 28.51,13 33 24.96,-02 15 15.8,-01 44 20.8,16.03,17.33,18.33,50,50,0.59,1991-05-04,172,SSA021-300; 1327-03W,13 30 03.32,-02 30 43.8
201,http://vizier.u-strasbg.fr/viz-bin/VizieR-5?-info=XML&-out.add=.&-source=VII/203/fields&recno=201,13 33 17.66,13 39 07.70,-05 15 34.6,-04 44 09.6,15.98,17.28,18.13,50,48,0.59,1991-07-04,200,SSA022-300; 1327-06E,13 35 53.95,-05 30 52.7
202,http://vizier.u-strasbg.fr/viz-bin/VizieR-5?-info=XML&-out.add=.&-source=VII/203/fields&recno=202,13 27 29.02,13 33 17.66,-05 15 34.6,-04 44 09.6,15.98,17.28,18.13,50,50,0.93,1991-06-04,186,SSA020-700; 1327-06W,13 30 05.17,-05 31 02.6
203,http://vizier.u-strasbg.fr/viz-bin/VizieR-5?-info=XML&-out.add=.&-source=VII/203/fields&recno=203,13 33 30.17,13 39 58.15,-12 43 05.9,-11 16 42.2,15.05,17.75,19.3,112,108,0.59,1994-07-04,135,SSA069-300; 1327-12E,13 36 10.06,-12 58 23.6
204,http://vizier.u-strasbg.fr/viz-bin/VizieR-5?-info=XML&-out.add=.&-source=VII/203/fields&recno=204,13 28 17.59,13 33 30.17,-12 43 05.9,-11 16 42.2,15.05,17.75,19.3,112,96,0.5,1994-06-04,121,SSA068-300; 1327-12W,13 30 57.16,-12 58 32.5
205,http://vizier.u-strasbg.fr/viz-bin/VizieR-5?-info=XML&-out.add=.&-source=VII/203/fields&recno=205,13 45 30.00,13 50 59.86,-02 15 39.6,-01 44 26.2,14.81,17.61,18.71,112,80,0.89,1992-06-04,157,SSA037-300; 1339-03E,13 48 05.02,-02 30 35.0
206,http://vizier.u-strasbg.fr/viz-bin/VizieR-5?-info=XML&-out.add=.&-source=VII/203/fields&recno=206,13 39 30.62,13 45 30.00,-02 15 39.6,-01 44 26.2,14.81,17.61,18.71,112,78,0.72,1992-05-04,143,SSA036-300; 1339-03W,13 42 05.57,-02 30 46.4
207,http://vizier.u-strasbg.fr/viz-bin/VizieR-5?-info=XML&-out.add=.&-source=VII/203/fields&recno=207,13 45 34.39,13 51 35.93,-05 28 01.6,-04 44 53.9,16.03,17.33,18.23,50,40,0.89,1992-10-04,227,SSA022-700; 1339-06E,13 48 11.10,-05 42 56.8
208,http://vizier.u-strasbg.fr/viz-bin/VizieR-5?-info=XML&-out.add=.&-source=VII/203/fields&recno=208,13 39 31.06,13 45 34.39,-05 28 01.6,-04 44 53.9,16.03,17.33,18.23,50,47,0.7,1991-08-04,211,SSA021-600; 1339-06W,13 42 07.61,-05 43 08.4
209,http://vizier.u-strasbg.fr/viz-bin/VizieR-5?-info=XML&-out.add=.&-source=VII/203/fields&recno=209,13 45 44.42,13 52 17.78,-12 42 58.0,-11 16 44.0,14.87,17.57,19.22,112,105,0.51,1994-12-03,214,SSA055-300; 1339-12E,13 48 25.05,-12 57 52.9
210,http://vizier.u-strasbg.fr/viz-bin/VizieR-5?-info=XML&-out.add=.&-source=VII/203/fields&recno=210,13 39 58.15,13 45 44.42,-12 42 58.0,-11 16 44.0,14.87,17.57,19.22,112,89,0.81,1994-11-03,199,SSA054-300; 1339-12W,13 42 38.43,-12 58 04.0
211,http://vizier.u-strasbg.fr/viz-bin/VizieR-5?-info=XML&-out.add=.&-source=VII/203/fields&recno=211,13 57 31.73,14 04 00.00,-02 15 35.3,-01 44 30.1,14.77,17.47,18.62,112,96,0.86,1992-08-04,185,SSA039-300; 1351-03E,14 00 06.87,-02 30 05.8
212,http://vizier.u-strasbg.fr/viz-bin/VizieR-5?-info=XML&-out.add=.&-source=VII/203/fields&recno=212,13 50 59.86,13 57 31.73,-02 15 35.3,-01 44 30.1,14.77,17.47,18.62,112,104,0.93,1992-07-04,171,SSA038-300; 1351-03W,13 53 34.93,-02 30 19.6
213,http://vizier.u-strasbg.fr/viz-bin/VizieR-5?-info=XML&-out.add=.&-source=VII/203/fields&recno=213,13 57 15.53,14 03 04.18,-05 15 43.2,-04 44 22.6,15.83,17.13,17.98,50,49,0.72,1991-04-03,141,SSA013-400; 1351-06E,13 59 52.41,-05 30 14.3
214,http://vizier.u-strasbg.fr/viz-bin/VizieR-5?-info=XML&-out.add=.&-source=VII/203/fields&recno=214,13 51 35.93,13 57 15.53,-05 15 43.2,-04 44 22.6,15.83,17.13,17.98,50,31,0.92,1991-03-03,127,SSA012-400; 1351-06W,13 54 12.68,-05 30 26.3
215,http://vizier.u-strasbg.fr/viz-bin/VizieR-5?-info=XML&-out.add=.&-source=VII/203/fields&recno=215,13 57 16.34,14 04 01.10,-12 43 23.5,-11 17 00.2,14.95,17.65,19.2,112,109,0.76,1994-09-04,163,SSA071-300; 1351-12E,13 59 57.64,-12 57 54.5
216,http://vizier.u-strasbg.fr/viz-bin/VizieR-5?-info=XML&-out.add=.&-source=VII/203/fields&recno=216,13 52 17.78,13 57 16.34,-12 43 23.5,-11 17 00.2,14.95,17.65,19.2,112,93,0.57,1994-08-04,149,SSA070-300; 1351-12W,13 54 58.80,-12 58 05.1
217,http://vizier.u-strasbg.fr/viz-bin/VizieR-5?-info=XML&-out.add=.&-source=VII/203/fields&recno=217,14 09 30.10,14 14 59.52,-02 15 48.6,-01 44 38.8,14.78,17.58,18.68,112,89,0.92,1993-06-03,131,SSA050-400; 1403-03E,14 12 05.37,-02 29 52.0
218,http://vizier.u-strasbg.fr/viz-bin/VizieR-5?-info=XML&-out.add=.&-source=VII/203/fields&recno=218,14 04 00.00,14 09 30.10,-02 15 48.6,-01 44 38.8,14.78,17.58,18.68,112,94,0.85,1992-09-04,197,SSA040-200; 1403-03W,14 06 35.21,-02 30 04.8
219,http://vizier.u-strasbg.fr/viz-bin/VizieR-5?-info=XML&-out.add=.&-source=VII/203/fields&recno=219,14 09 34.92,14 15 36.55,-05 15 07.6,-04 44 13.2,16.07,17.37,18.37,50,48,0.83,1992-01-04,127,SSA019-400; 1403-06E,14 12 12.08,-05 29 10.8
220,http://vizier.u-strasbg.fr/viz-bin/VizieR-5?-info=XML&-out.add=.&-source=VII/203/fields&recno=220,14 03 31.75,14 09 34.92,-05 15 07.6,-04 44 13.2,16.07,17.37,18.37,50,43,0.64,1991-12-04,112,SSA018-400; 1403-06W,14 06 08.77,-05 29 24.8
221,http://vizier.u-strasbg.fr/viz-bin/VizieR-5?-info=XML&-out.add=.&-source=VII/203/fields&recno=221,14 09 38.64,14 16 16.68,-12 43 01.2,-11 16 44.4,14.98,17.68,19.33,112,78,0.86,1995-02-03,239,SSA057-300; 1403-12E,14 12 20.64,-12 57 04.2
222,http://vizier.u-strasbg.fr/viz-bin/VizieR-5?-info=XML&-out.add=.&-source=VII/203/fields&recno=222,14 04 01.10,14 09 38.64,-12 43 01.2,-11 16 44.4,14.98,17.68,19.33,112,94,0.66,1995-01-03,225,SSA056-300; 1403-12W,14 06 42.79,-12 57 17.3
223,http://vizier.u-strasbg.fr/viz-bin/VizieR-5?-info=XML&-out.add=.&-source=VII/203/fields&recno=223,14 21 24.12,14 27 57.67,-02 15 38.9,-01 44 41.3,15.01,17.71,18.86,112,108,0.91,1994-10-03,188,SSA033-400; 1415-03E,14 23 59.50,-02 29 13.1
224,http://vizier.u-strasbg.fr/viz-bin/VizieR-5?-info=XML&-out.add=.&-source=VII/203/fields&recno=224,14 14 59.52,14 21 24.12,-02 15 38.9,-01 44 41.3,15.01,17.71,18.86,112,103,0.91,1993-07-03,145,SSA051-400; 1415-03W,14 17 34.84,-02 29 29.1
225,http://vizier.u-strasbg.fr/viz-bin/VizieR-5?-info=XML&-out.add=.&-source=VII/203/fields&recno=225,14 21 07.15,14 27 06.41,-05 40 51.2,-04 44 08.5,16.06,17.36,18.21,50,17,0.86,1990-02-04,188,SSA006-500; 1415-06E,14 23 44.87,-05 54 26.1
226,http://vizier.u-strasbg.fr/viz-bin/VizieR-5?-info=XML&-out.add=.&-source=VII/203/fields&recno=226,14 15 36.55,14 21 07.15,-05 40 51.2,-04 44 08.5,16.06,17.36,18.21,50,36,0.82,1992-02-04,141,SSA018-800; 1415-06W,14 18 14.13,-05 54 39.8
227,http://vizier.u-strasbg.fr/viz-bin/VizieR-5?-info=XML&-out.add=.&-source=VII/203/fields&recno=227,14 20 47.78,14 27 00.82,-12 43 19.9,-11 17 07.1,14.97,17.77,19.27,112,35,0.9,1994-11-04,191,SSA073-300; 1415-12E,14 23 30.40,-12 56 55.5
228,http://vizier.u-strasbg.fr/viz-bin/VizieR-5?-info=XML&-out.add=.&-source=VII/203/fields&recno=228,14 16 16.68,14 20 47.78,-12 43 19.9,-11 17 07.1,14.97,17.77,19.27,112,42,0.93,1994-10-04,177,SSA072-300; 1415-12W,14 18 59.05,-12 57 06.8
229,http://vizier.u-strasbg.fr/viz-bin/VizieR-5?-info=XML&-out.add=.&-source=VII/203/fields&recno=229,14 33 31.15,14 39 00.34,-02 15 12.2,-01 44 10.7,16.14,17.44,18.44,50,41,0.88,1991-04-04,161,SSA020-400; 1427-03E,14 36 06.64,-02 28 14.3
230,http://vizier.u-strasbg.fr/viz-bin/VizieR-5?-info=XML&-out.add=.&-source=VII/203/fields&recno=230,14 27 57.67,14 33 31.15,-02 15 12.2,-01 44 10.7,16.14,17.44,18.44,50,26,0.83,1991-03-04,146,SSA019-800; 1427-03W,14 30 33.11,-02 28 29.3
231,http://vizier.u-strasbg.fr/viz-bin/VizieR-5?-info=XML&-out.add=.&-source=VII/203/fields&recno=231,14 33 45.29,14 39 35.18,-05 15 08.6,-04 19 04.8,16.1,17.4,18.3,50,26,0.76,1991-06-04,189,SSA020-800; 1427-06E,14 36 22.99,-05 28 10.1
232,http://vizier.u-strasbg.fr/viz-bin/VizieR-5?-info=XML&-out.add=.&-source=VII/203/fields&recno=232,14 27 28.70,14 33 45.29,-05 15 08.6,-04 19 04.8,16.1,17.4,18.3,50,26,0.86,1991-05-04,175,SSA021-400; 1427-06W,14 30 06.26,-05 28 26.9
233,http://vizier.u-strasbg.fr/viz-bin/VizieR-5?-info=XML&-out.add=.&-source=VII/203/fields&recno=233,14 33 38.88,14 40 15.60,-12 44 36.2,-11 15 47.2,14.89,17.69,18.79,112,92,0.86,1993-09-03,174,SSA053-400; 1427-12E,14 36 22.19,-12 57 37.9
234,http://vizier.u-strasbg.fr/viz-bin/VizieR-5?-info=XML&-out.add=.&-source=VII/203/fields&recno=234,14 27 00.82,14 33 38.88,-12 44 36.2,-11 15 47.2,14.89,17.69,18.79,112,66,0.81,1993-08-03,160,SSA052-400; 1427-12W,14 29 43.79,-12 57 55.7
235,http://vizier.u-strasbg.fr/viz-bin/VizieR-5?-info=XML&-out.add=.&-source=VII/203/fields&recno=235,14 45 25.46,14 51 57.19,-02 15 42.5,-01 44 46.0,15.11,17.81,18.96,112,108,0.91,1992-04-04,132,SSA035-400; 1439-03E,14 48 01.07,-02 28 11.0
236,http://vizier.u-strasbg.fr/viz-bin/VizieR-5?-info=XML&-out.add=.&-source=VII/203/fields&recno=236,14 39 00.34,14 45 25.46,-02 15 42.5,-01 44 46.0,15.11,17.81,18.96,112,107,0.72,1992-03-04,118,SSA034-400; 1439-03W,14 41 35.89,-02 28 29.4
237,http://vizier.u-strasbg.fr/viz-bin/VizieR-5?-info=XML&-out.add=.&-source=VII/203/fields&recno=237,14 45 18.74,14 51 06.48,-05 15 34.2,-04 44 08.9,16.18,17.48,18.33,50,42,0.62,1989-06-05,123,SSA004-500; 1439-06E,14 47 56.68,-05 28 03.0
238,http://vizier.u-strasbg.fr/viz-bin/VizieR-5?-info=XML&-out.add=.&-source=VII/203/fields&recno=238,14 39 35.18,14 45 18.74,-05 15 34.2,-04 44 08.9,16.18,17.48,18.33,50,45,0.66,1989-05-05,110,SSA003-500; 1439-06W,14 42 13.00,-05 28 19.4
239,http://vizier.u-strasbg.fr/viz-bin/VizieR-5?-info=XML&-out.add=.&-source=VII/203/fields&recno=239,14 45 30.67,14 51 57.58,-12 43 17.8,-11 17 12.5,15.02,17.92,19.37,112,103,0.67,1994-07-04,138,SSA069-400; 1439-12E,14 48 14.56,-12 55 45.9
240,http://vizier.u-strasbg.fr/viz-bin/VizieR-5?-info=XML&-out.add=.&-source=VII/203/fields&recno=240,14 40 15.60,14 45 30.67,-12 43 17.8,-11 17 12.5,15.02,17.92,19.37,112,70,0.62,1994-06-04,124,SSA068-400; 1439-12W,14 42 59.23,-12 56 01.0
241,http://vizier.u-strasbg.fr/viz-bin/VizieR-5?-info=XML&-out.add=.&-source=VII/203/fields&recno=241,14 57 35.62,15 04 16.87,-12 44 36.2,-11 15 41.4,14.8,17.6,18.7,112,78,0.83,1992-06-04,160,SSA037-400; 1451-12E,15 00 20.11,-12 56 28.1
242,http://vizier.u-strasbg.fr/viz-bin/VizieR-5?-info=XML&-out.add=.&-source=VII/203/fields&recno=242,14 51 57.58,14 57 35.62,-12 44 36.2,-11 15 41.4,14.8,17.6,18.7,112,62,0.86,1994-11-03,203,SSA054-400; 1451-12W,14 54 41.81,-12 56 45.3
243,http://vizier.u-strasbg.fr/viz-bin/VizieR-5?-info=XML&-out.add=.&-source=VII/203/fields&recno=243,14 57 11.54,15 03 02.04,-02 13 37.2,-01 44 22.9,15.96,17.26,18.11,50,25,0.97,1990-01-04,177,SSA013-800; 1451-03E,14 59 47.22,-02 25 30.5
244,http://vizier.u-strasbg.fr/viz-bin/VizieR-5?-info=XML&-out.add=.&-source=VII/203/fields&recno=244,14 51 57.19,14 57 11.54,-02 13 37.2,-01 44 22.9,15.96,17.26,18.11,50,37,0.7,1991-07-03,163,SSA012-800; 1451-03W,14 54 32.83,-02 25 46.4
245,http://vizier.u-strasbg.fr/viz-bin/VizieR-5?-info=XML&-out.add=.&-source=VII/203/fields&recno=245,14 57 34.42,15 03 28.32,-05 15 09.4,-04 44 24.4,16.13,17.43,18.43,50,33,0.75,1991-07-04,203,SSA022-400; 1451-06E,15 00 12.60,-05 27 01.5
246,http://vizier.u-strasbg.fr/viz-bin/VizieR-5?-info=XML&-out.add=.&-source=VII/203/fields&recno=246,14 51 29.76,14 57 34.42,-05 15 09.4,-04 44 24.4,16.13,17.43,18.43,50,30,0.66,1991-09-04,221,SSA022-600; 1451-06W,14 54 07.82,-05 27 20.0
247,http://vizier.u-strasbg.fr/viz-bin/VizieR-5?-info=XML&-out.add=.&-source=VII/203/fields&recno=247,15 09 30.22,15 15 30.17,-02 15 47.9,-01 44 46.0,14.76,17.56,18.66,112,100,0.72,1992-08-04,189,SSA039-400; 1503-03E,15 12 06.03,-02 27 02.4
248,http://vizier.u-strasbg.fr/viz-bin/VizieR-5?-info=XML&-out.add=.&-source=VII/203/fields&recno=248,15 03 02.04,15 09 30.22,-02 15 47.9,-01 44 46.0,14.76,17.56,18.66,112,63,0.92,1992-07-04,174,SSA038-400; 1503-03W,15 05 37.80,-02 27 23.1
249,http://vizier.u-strasbg.fr/viz-bin/VizieR-5?-info=XML&-out.add=.&-source=VII/203/fields&recno=249,15 09 19.63,15 15 00.38,-05 15 31.3,-04 44 14.6,16.04,17.34,18.29,50,47,0.77,1991-08-04,214,SSA021-700; 1503-06E,15 11 58.03,-05 26 46.3
250,http://vizier.u-strasbg.fr/viz-bin/VizieR-5?-info=XML&-out.add=.&-source=VII/203/fields&recno=250,15 03 28.32,15 09 19.63,-05 15 31.3,-04 44 14.6,16.04,17.34,18.29,50,44,0.61,1992-10-04,230,SSA022-800; 1503-06W,15 06 06.61,-05 27 05.0
251,http://vizier.u-strasbg.fr/viz-bin/VizieR-5?-info=XML&-out.add=.&-source=VII/203/fields&recno=251,15 09 32.42,15 15 57.79,-12 43 23.5,-11 17 19.0,15.04,17.94,19.39,112,92,0.78,1994-09-04,166,SSA071-400; 1503-12E,15 12 17.44,-12 54 37.7
252,http://vizier.u-strasbg.fr/viz-bin/VizieR-5?-info=XML&-out.add=.&-source=VII/203/fields&recno=252,15 04 16.87,15 09 32.42,-12 43 23.5,-11 17 19.0,15.04,17.94,19.39,112,90,0.69,1994-08-04,152,SSA070-400; 1503-12W,15 07 01.66,-12 54 54.5
253,http://vizier.u-strasbg.fr/viz-bin/VizieR-5?-info=XML&-out.add=.&-source=VII/203/fields&recno=253,15 21 30.82,15 27 30.02,-02 15 22.0,-01 44 16.4,14.89,17.69,18.74,112,62,0.91,1995-02-03,242,SSA057-400; 1515-03E,15 24 06.71,-02 25 56.7
254,http://vizier.u-strasbg.fr/viz-bin/VizieR-5?-info=XML&-out.add=.&-source=VII/203/fields&recno=254,15 15 30.17,15 21 30.82,-02 15 22.0,-01 44 16.4,14.89,17.69,18.79,112,66,0.91,1992-09-04,200,SSA040-300; 1515-03W,15 18 06.02,-02 26 16.9
255,http://vizier.u-strasbg.fr/viz-bin/VizieR-5?-info=XML&-out.add=.&-source=VII/203/fields&recno=255,15 21 24.53,15 27 50.71,-12 21 13.0,-11 16 40.8,14.92,17.92,19.42,112,47,0.82,1995-01-03,228,SSA056-400; 1515-12E,15 24 09.71,-12 31 47.9
256,http://vizier.u-strasbg.fr/viz-bin/VizieR-5?-info=XML&-out.add=.&-source=VII/203/fields&recno=256,15 15 57.79,15 21 24.53,-12 21 13.0,-11 16 40.8,14.92,17.92,19.42,112,44,0.72,1994-12-03,217,SSA055-400; 1515-12W,15 18 42.75,-12 32 06.1
257,http://vizier.u-strasbg.fr/viz-bin/VizieR-5?-info=XML&-out.add=.&-source=VII/203/fields&recno=257,21 07 58.73,21 15 11.04,-39 46 18.8,-38 16 13.8,15.03,17.54,18.48,112,79,0.54,1991-02-10,103,SSA023-100; 2100-39E,21 11 10.03,-39 34 01.0
258,http://vizier.u-strasbg.fr/viz-bin/VizieR-5?-info=XML&-out.add=.&-source=VII/203/fields&recno=258,21 00 40.22,21 07 58.73,-39 46 18.8,-38 16 13.8,16.03,17.33,18.18,50,41,0.3,1990-09-10,104,SSA014-100; 2100-39W,21 03 52.80,-39 34 22.9
259,http://vizier.u-strasbg.fr/viz-bin/VizieR-5?-info=XML&-out.add=.&-source=VII/203/fields&recno=259,21 12 04.30,21 20 22.70,-42 44 31.9,-41 40 38.3,14.79,17.59,18.69,112,80,0.85,1993-10-09,122,SSA043-100; 2100-42E,21 15 18.91,-42 32 02.0
260,http://vizier.u-strasbg.fr/viz-bin/VizieR-5?-info=XML&-out.add=.&-source=VII/203/fields&recno=260,21 03 46.03,21 12 04.30,-42 44 31.9,-41 40 38.3,14.79,17.59,18.69,112,103,0.8,1993-08-10,103,SSA058-100; 2100-42W,21 07 02.29,-42 32 26.5
261,http://vizier.u-strasbg.fr/viz-bin/VizieR-5?-info=XML&-out.add=.&-source=VII/203/fields&recno=261,21 09 09.60,21 17 33.60,-45 45 00.0,-44 16 12.0,14.93,17.63,18.88,112,99,0.41,1993-10-10,122,SSA058-300; 2100-45E,21 12 29.38,-45 32 38.5
262,http://vizier.u-strasbg.fr/viz-bin/VizieR-5?-info=XML&-out.add=.&-source=VII/203/fields&recno=262,21 00 45.60,21 09 09.60,-45 45 00.0,-44 16 12.0,14.93,17.63,18.88,112,96,0.64,1993-09-10,111,SSA059-100; 2100-45W,21 04 07.20,-45 33 03.6
263,http://vizier.u-strasbg.fr/viz-bin/VizieR-5?-info=XML&-out.add=.&-source=VII/203/fields&recno=263,21 32 36.58,21 41 11.35,-39 44 43.1,-38 16 16.7,14.93,17.63,18.78,112,97,0.65,1991-03-10,114,SSA025-100; 2114-39E,21 35 43.25,-39 31 16.8
264,http://vizier.u-strasbg.fr/viz-bin/VizieR-5?-info=XML&-out.add=.&-source=VII/203/fields&recno=264,21 23 55.27,21 32 36.58,-39 44 43.1,-38 16 16.7,14.93,17.63,18.78,112,89,0.68,1993-12-09,150,SSA045-100; 2114-39M,21 27 03.60,-39 31 39.9
265,http://vizier.u-strasbg.fr/viz-bin/VizieR-5?-info=XML&-out.add=.&-source=VII/203/fields&recno=265,21 15 11.04,21 23 55.27,-39 44 43.1,-38 16 16.7,14.93,17.63,18.78,112,80,0.8,1992-09-09,111,SSA024-100; 2114-39W,21 18 21.00,-39 32 04.3
266,http://vizier.u-strasbg.fr/viz-bin/VizieR-5?-info=XML&-out.add=.&-source=VII/203/fields&recno=266,21 33 38.40,21 42 40.80,-45 43 48.0,-44 15 36.0,15.0,17.7,19.0,112,101,0.66,1994-03-10,128,SSA076-100; 2115-45E,21 36 52.49,-45 30 18.9
267,http://vizier.u-strasbg.fr/viz-bin/VizieR-5?-info=XML&-out.add=.&-source=VII/203/fields&recno=267,21 17 33.60,21 25 02.40,-45 43 48.0,-44 15 36.0,15.0,17.7,19.0,112,75,0.78,1994-01-10,102,SSA074-100; 2115-45W,21 20 51.46,-45 31 02.3
268,http://vizier.u-strasbg.fr/viz-bin/VizieR-5?-info=XML&-out.add=.&-source=VII/203/fields&recno=268,21 28 49.03,21 35 44.57,-42 44 55.3,-41 16 05.5,14.89,17.69,18.79,112,80,0.52,1994-01-09,164,SSA046-100; 2120-42E,21 32 00.18,-42 31 38.9
269,http://vizier.u-strasbg.fr/viz-bin/VizieR-5?-info=XML&-out.add=.&-source=VII/203/fields&recno=269,21 20 43.92,21 28 49.03,-42 44 55.3,-41 16 05.5,14.89,17.69,18.79,112,84,0.63,1993-11-09,136,SSA044-100; 2120-42W,21 23 56.77,-42 32 00.8
270,http://vizier.u-strasbg.fr/viz-bin/VizieR-5?-info=XML&-out.add=.&-source=VII/203/fields&recno=270,21 52 50.28,22 01 22.10,-42 44 19.3,-41 15 30.2,14.82,17.52,18.82,112,77,0.81,1994-01-10,161,SSA062-100; 2135-42E,21 55 56.10,-42 30 03.7
271,http://vizier.u-strasbg.fr/viz-bin/VizieR-5?-info=XML&-out.add=.&-source=VII/203/fields&recno=271,21 43 45.19,21 52 50.28,-42 44 19.3,-41 15 30.2,14.82,17.52,18.82,112,84,0.85,1993-12-10,147,SSA061-100; 2135-42M,21 46 53.06,-42 30 25.0
272,http://vizier.u-strasbg.fr/viz-bin/VizieR-5?-info=XML&-out.add=.&-source=VII/203/fields&recno=272,21 35 44.57,21 43 45.19,-42 44 19.3,-41 15 30.2,14.82,17.52,18.82,112,102,0.84,1993-11-10,133,SSA060-100; 2135-42W,21 38 54.21,-42 30 44.9
273,http://vizier.u-strasbg.fr/viz-bin/VizieR-5?-info=XML&-out.add=.&-source=VII/203/fields&recno=273,21 48 15.12,21 55 09.46,-39 44 25.1,-38 15 41.0,15.95,17.25,18.1,50,28,0.83,1989-06-05,126,SSA004-600; 2140-39E,21 51 18.67,-39 30 20.1
274,http://vizier.u-strasbg.fr/viz-bin/VizieR-5?-info=XML&-out.add=.&-source=VII/203/fields&recno=274,21 41 11.35,21 48 15.12,-39 44 25.1,-38 15 41.0,15.95,17.25,18.1,50,32,0.75,1990-05-09,102,SSA007-100; 2140-39W,21 44 16.32,-39 30 37.1
275,http://vizier.u-strasbg.fr/viz-bin/VizieR-5?-info=XML&-out.add=.&-source=VII/203/fields&recno=275,21 47 55.20,21 55 43.20,-45 46 48.0,-44 16 12.0,16.16,17.46,18.31,50,38,0.53,1990-11-10,115,SSA015-100; 2140-45E,21 51 05.85,-45 32 43.7
276,http://vizier.u-strasbg.fr/viz-bin/VizieR-5?-info=XML&-out.add=.&-source=VII/203/fields&recno=276,21 42 40.80,21 47 55.20,-45 46 48.0,-44 16 12.0,16.16,17.46,18.31,50,27,0.37,1990-12-10,126,SSA014-500; 2140-45W,21 45 52.75,-45 32 56.2
277,http://vizier.u-strasbg.fr/viz-bin/VizieR-5?-info=XML&-out.add=.&-source=VII/203/fields&recno=277,22 12 40.30,22 21 11.04,-39 44 26.9,-38 15 58.7,14.95,17.65,18.8,112,108,0.59,1992-08-09,101,SSA042-200; 2154-39E,22 15 38.72,-39 29 29.4
278,http://vizier.u-strasbg.fr/viz-bin/VizieR-5?-info=XML&-out.add=.&-source=VII/203/fields&recno=278,22 03 54.89,22 12 40.30,-39 44 26.9,-38 15 58.7,14.95,17.65,18.8,112,88,0.65,1991-05-10,141,SSA027-100; 2154-39M,22 06 55.19,-39 29 47.1
279,http://vizier.u-strasbg.fr/viz-bin/VizieR-5?-info=XML&-out.add=.&-source=VII/203/fields&recno=279,21 55 09.46,22 03 54.89,-39 44 26.9,-38 15 58.7,14.95,17.65,18.8,112,67,0.74,1991-04-10,128,SSA026-100; 2154-39W,21 58 11.59,-39 30 06.1
280,http://vizier.u-strasbg.fr/viz-bin/VizieR-5?-info=XML&-out.add=.&-source=VII/203/fields&recno=280,22 13 48.00,22 20 50.40,-45 43 48.0,-44 15 36.0,14.94,17.64,18.94,112,79,0.83,1994-06-10,167,SSA079-100; 2155-45E,22 16 51.87,-45 28 48.2
281,http://vizier.u-strasbg.fr/viz-bin/VizieR-5?-info=XML&-out.add=.&-source=VII/203/fields&recno=281,22 05 02.40,22 13 48.00,-45 43 48.0,-44 15 36.0,14.94,17.64,18.94,112,83,0.62,1994-05-10,153,SSA078-100; 2155-45M,22 08 08.59,-45 29 05.8
282,http://vizier.u-strasbg.fr/viz-bin/VizieR-5?-info=XML&-out.add=.&-source=VII/203/fields&recno=282,21 55 43.20,22 05 02.40,-45 43 48.0,-44 15 36.0,14.94,17.64,18.94,112,76,0.6,1994-04-10,139,SSA077-100; 2155-45W,21 58 51.81,-45 29 25.8
283,http://vizier.u-strasbg.fr/viz-bin/VizieR-5?-info=XML&-out.add=.&-source=VII/203/fields&recno=283,22 08 40.54,22 15 43.92,-42 45 11.2,-41 16 20.6,14.76,17.56,18.66,112,53,0.78,1993-03-09,192,SSA048-100; 2200-42E,22 11 42.67,-42 30 21.6
284,http://vizier.u-strasbg.fr/viz-bin/VizieR-5?-info=XML&-out.add=.&-source=VII/203/fields&recno=284,22 01 22.10,22 08 40.54,-42 45 11.2,-41 16 20.6,14.76,17.56,18.66,112,73,0.91,1994-02-09,178,SSA047-100; 2200-42W,22 04 25.96,-42 30 36.7
285,http://vizier.u-strasbg.fr/viz-bin/VizieR-5?-info=XML&-out.add=.&-source=VII/203/fields&recno=285,22 32 57.19,22 41 22.82,-42 44 02.4,-41 14 47.0,14.83,17.53,18.83,112,106,0.65,1993-04-10,203,SSA065-100; 2215-42E,22 35 53.38,-42 28 29.0
286,http://vizier.u-strasbg.fr/viz-bin/VizieR-5?-info=XML&-out.add=.&-source=VII/203/fields&recno=286,22 23 51.84,22 32 57.19,-42 44 02.4,-41 14 47.0,14.83,17.53,18.83,112,106,0.67,1993-03-10,189,SSA064-100; 2215-42M,22 26 50.28,-42 28 44.2
287,http://vizier.u-strasbg.fr/viz-bin/VizieR-5?-info=XML&-out.add=.&-source=VII/203/fields&recno=287,22 15 43.92,22 23 51.84,-42 44 02.4,-41 14 47.0,14.83,17.53,18.83,112,102,0.83,1994-02-10,175,SSA063-100; 2215-42W,22 18 44.34,-42 28 59.0
288,http://vizier.u-strasbg.fr/viz-bin/VizieR-5?-info=XML&-out.add=.&-source=VII/203/fields&recno=288,22 28 12.58,22 35 09.96,-39 44 25.1,-38 15 25.9,16.15,17.45,18.3,50,44,0.35,1989-01-10,132,SSA009-100; 2220-39E,22 31 07.59,-39 28 59.5
289,http://vizier.u-strasbg.fr/viz-bin/VizieR-5?-info=XML&-out.add=.&-source=VII/203/fields&recno=289,22 21 11.04,22 28 12.58,-39 44 25.1,-38 15 25.9,16.15,17.45,18.3,50,45,0.62,1990-06-09,118,SSA008-100; 2220-39W,22 24 07.61,-39 29 11.7
290,http://vizier.u-strasbg.fr/viz-bin/VizieR-5?-info=XML&-out.add=.&-source=VII/203/fields&recno=290,22 29 12.00,22 37 36.00,-45 44 24.0,-44 15 36.0,14.98,17.78,19.08,112,90,0.61,1993-11-09,139,SSA044-200; 2220-45E,22 32 11.71,-45 28 56.6
291,http://vizier.u-strasbg.fr/viz-bin/VizieR-5?-info=XML&-out.add=.&-source=VII/203/fields&recno=291,22 20 50.40,22 29 12.00,-45 44 24.0,-44 15 36.0,14.98,17.78,19.08,112,90,0.83,1993-10-09,125,SSA043-200; 2220-45W,22 23 52.39,-45 29 11.1
292,http://vizier.u-strasbg.fr/viz-bin/VizieR-5?-info=XML&-out.add=.&-source=VII/203/fields&recno=292,22 52 46.75,23 01 11.83,-39 44 55.7,-38 16 17.0,14.83,17.53,18.68,112,100,0.73,1991-09-10,185,SSA031-100; 2234-39E,22 55 36.19,-39 28 54.3
293,http://vizier.u-strasbg.fr/viz-bin/VizieR-5?-info=XML&-out.add=.&-source=VII/203/fields&recno=293,22 43 52.30,22 52 46.75,-39 44 55.7,-38 16 17.0,14.83,17.53,18.68,112,103,0.83,1994-01-09,167,SSA046-200; 2234-39M,22 46 43.78,-39 29 06.0
294,http://vizier.u-strasbg.fr/viz-bin/VizieR-5?-info=XML&-out.add=.&-source=VII/203/fields&recno=294,22 35 09.96,22 43 52.30,-39 44 55.7,-38 16 17.0,14.83,17.53,18.68,112,105,0.52,1991-07-10,160,SSA029-100; 2234-39W,22 38 03.42,-39 29 18.8
295,http://vizier.u-strasbg.fr/viz-bin/VizieR-5?-info=XML&-out.add=.&-source=VII/203/fields&recno=295,22 53 52.80,23 02 38.40,-45 44 24.0,-44 15 00.0,15.06,17.76,19.06,112,105,0.47,1994-02-10,118,SSA075-200; 2235-45E,22 56 45.58,-45 28 21.2
296,http://vizier.u-strasbg.fr/viz-bin/VizieR-5?-info=XML&-out.add=.&-source=VII/203/fields&recno=296,22 45 09.60,22 53 52.80,-45 44 24.0,-44 15 00.0,15.06,17.76,19.06,112,108,0.52,1994-01-10,105,SSA074-200; 2235-45M,22 48 04.86,-45 28 32.4
297,http://vizier.u-strasbg.fr/viz-bin/VizieR-5?-info=XML&-out.add=.&-source=VII/203/fields&recno=297,22 37 36.00,22 45 09.60,-45 44 24.0,-44 15 00.0,15.06,17.76,19.06,112,85,0.44,1994-07-10,181,SSA080-100; 2235-45W,22 40 33.38,-45 28 43.3
298,http://vizier.u-strasbg.fr/viz-bin/VizieR-5?-info=XML&-out.add=.&-source=VII/203/fields&recno=298,22 48 47.59,22 56 43.73,-42 45 13.0,-41 16 05.2,14.92,17.72,19.02,112,101,0.92,1994-02-09,181,SSA047-200; 2240-42E,22 51 39.80,-42 29 16.6
299,http://vizier.u-strasbg.fr/viz-bin/VizieR-5?-info=XML&-out.add=.&-source=VII/203/fields&recno=299,22 41 22.82,22 48 47.59,-42 45 13.0,-41 16 05.2,14.92,17.72,19.02,112,89,0.68,1993-12-09,153,SSA045-200; 2240-42W,22 44 16.91,-42 29 26.8
300,http://vizier.u-strasbg.fr/viz-bin/VizieR-5?-info=XML&-out.add=.&-source=VII/203/fields&recno=300,23 12 57.48,23 21 19.94,-42 44 43.4,-41 15 18.4,14.84,17.54,18.59,112,106,0.34,1993-08-10,106,SSA058-200; 2255-42E,23 15 43.42,-42 28 20.7
301,http://vizier.u-strasbg.fr/viz-bin/VizieR-5?-info=XML&-out.add=.&-source=VII/203/fields&recno=301,23 03 40.49,23 12 57.48,-42 44 43.4,-41 15 18.4,14.84,17.54,18.59,112,101,0.82,1993-09-10,114,SSA059-200; 2255-42M,23 06 28.85,-42 28 29.6
302,http://vizier.u-strasbg.fr/viz-bin/VizieR-5?-info=XML&-out.add=.&-source=VII/203/fields&recno=302,22 56 43.73,23 03 40.49,-42 44 43.4,-41 15 18.4,14.84,17.54,18.59,112,78,0.77,1993-05-10,217,SSA066-100; 2255-42W,22 59 33.89,-42 28 37.2
303,http://vizier.u-strasbg.fr/viz-bin/VizieR-5?-info=XML&-out.add=.&-source=VII/203/fields&recno=303,23 08 16.87,23 15 11.21,-39 44 28.0,-38 15 25.6,16.03,17.33,18.18,50,41,0.58,1989-01-10,135,SSA009-200; 2300-39E,23 11 02.69,-39 28 09.6
304,http://vizier.u-strasbg.fr/viz-bin/VizieR-5?-info=XML&-out.add=.&-source=VII/203/fields&recno=304,23 01 11.83,23 08 16.87,-39 44 28.0,-38 15 25.6,16.03,17.33,18.18,50,37,0.64,1990-06-09,121,SSA008-200; 2300-39W,23 03 59.31,-39 28 16.8
305,http://vizier.u-strasbg.fr/viz-bin/VizieR-5?-info=XML&-out.add=.&-source=VII/203/fields&recno=305,23 09 00.00,23 15 45.60,-45 44 24.0,-44 40 12.0,16.18,17.48,18.33,50,30,0.52,1991-01-10,137,SSA015-400; 2300-45E,23 11 48.43,-45 28 04.9
306,http://vizier.u-strasbg.fr/viz-bin/VizieR-5?-info=XML&-out.add=.&-source=VII/203/fields&recno=306,23 02 38.40,23 09 00.00,-45 44 24.0,-44 15 00.0,16.18,17.48,18.33,50,25,0.29,1991-02-10,151,SSA016-100; 2300-45W,23 05 28.67,-45 28 11.2
307,http://vizier.u-strasbg.fr/viz-bin/VizieR-5?-info=XML&-out.add=.&-source=VII/203/fields&recno=307,23 32 38.35,23 41 13.18,-39 44 06.4,-38 15 19.4,14.98,17.68,18.83,112,99,0.58,1991-02-10,106,SSA023-200; 2314-39E,23 35 18.38,-39 27 30.4
308,http://vizier.u-strasbg.fr/viz-bin/VizieR-5?-info=XML&-out.add=.&-source=VII/203/fields&recno=308,23 24 06.12,23 32 38.35,-39 44 06.4,-38 15 19.4,14.98,17.68,18.83,112,106,0.65,1993-03-09,195,SSA048-200; 2314-39M,23 26 48.19,-39 27 35.3
309,http://vizier.u-strasbg.fr/viz-bin/VizieR-5?-info=XML&-out.add=.&-source=VII/203/fields&recno=309,23 15 11.21,23 24 06.12,-39 44 06.4,-38 15 19.4,14.98,17.68,18.83,112,91,0.83,1992-09-09,114,SSA024-200; 2314-39W,23 17 55.40,-39 27 41.9
310,http://vizier.u-strasbg.fr/viz-bin/VizieR-5?-info=XML&-out.add=.&-source=VII/203/fields&recno=310,23 33 36.00,23 40 43.20,-45 44 24.0,-44 15 36.0,15.02,17.72,19.02,112,87,0.87,1994-05-10,156,SSA078-200; 2315-45E,23 36 17.21,-45 27 47.5
311,http://vizier.u-strasbg.fr/viz-bin/VizieR-5?-info=XML&-out.add=.&-source=VII/203/fields&recno=311,23 25 02.40,23 33 36.00,-45 44 24.0,-44 15 36.0,15.02,17.72,19.02,112,74,0.68,1994-04-10,142,SSA077-200; 2315-45M,23 27 46.14,-45 27 52.2
312,http://vizier.u-strasbg.fr/viz-bin/VizieR-5?-info=XML&-out.add=.&-source=VII/203/fields&recno=312,23 15 45.60,23 25 02.40,-45 44 24.0,-44 15 36.0,15.02,17.72,19.02,112,89,0.71,1994-03-10,131,SSA076-200; 2315-45W,23 18 32.06,-45 27 59.0
313,http://vizier.u-strasbg.fr/viz-bin/VizieR-5?-info=XML&-out.add=.&-source=VII/203/fields&recno=313,23 28 33.14,23 35 44.54,-42 44 38.4,-41 15 31.7,16.26,17.56,18.41,50,39,0.95,1990-04-10,179,SSA016-500; 2320-42E,23 31 14.96,-42 28 04.5
314,http://vizier.u-strasbg.fr/viz-bin/VizieR-5?-info=XML&-out.add=.&-source=VII/203/fields&recno=314,23 21 19.94,23 28 33.14,-42 44 38.4,-41 15 31.7,16.26,17.56,18.41,50,37,0.58,1990-03-10,165,SSA017-100; 2320-42W,23 24 03.67,-42 28 09.2
315,http://vizier.u-strasbg.fr/viz-bin/VizieR-5?-info=XML&-out.add=.&-source=VII/203/fields&recno=315,23 52 56.16,00 01 25.73,-42 44 20.8,-41 14 53.2,15.04,17.74,18.99,112,103,0.65,1993-12-10,150,SSA061-200; 2335-42E,23 55 31.47,-42 27 38.6
316,http://vizier.u-strasbg.fr/viz-bin/VizieR-5?-info=XML&-out.add=.&-source=VII/203/fields&recno=316,23 43 43.99,23 52 56.16,-42 44 20.8,-41 14 53.2,15.04,17.74,18.99,112,99,0.9,1993-11-10,136,SSA060-200; 2335-42M,23 46 21.76,-42 27 40.4
317,http://vizier.u-strasbg.fr/viz-bin/VizieR-5?-info=XML&-out.add=.&-source=VII/203/fields&recno=317,23 35 44.54,23 43 43.99,-42 44 20.8,-41 14 53.2,15.04,17.74,18.99,112,101,0.76,1993-10-10,125,SSA058-400; 2335-42W,23 38 24.44,-42 27 43.3
318,http://vizier.u-strasbg.fr/viz-bin/VizieR-5?-info=XML&-out.add=.&-source=VII/203/fields&recno=318,23 48 15.58,23 55 09.77,-39 44 23.6,-38 15 07.6,16.21,17.51,18.36,50,45,0.41,1990-09-10,107,SSA014-200; 2340-39E,23 50 51.86,-39 27 42.1
319,http://vizier.u-strasbg.fr/viz-bin/VizieR-5?-info=XML&-out.add=.&-source=VII/203/fields&recno=319,23 41 13.18,23 48 15.58,-39 44 23.6,-38 15 07.6,16.21,17.51,18.36,50,40,0.41,1989-04-10,174,SSA008-500; 2340-39W,23 43 51.16,-39 27 44.0
320,http://vizier.u-strasbg.fr/viz-bin/VizieR-5?-info=XML&-out.add=.&-source=VII/203/fields&recno=320,23 48 57.60,23 55 45.60,-45 44 24.0,-44 15 36.0,15.18,17.69,18.63,112,68,0.81,1991-03-10,117,SSA025-200; 2340-45E,23 51 34.26,-45 27 42.4
321,http://vizier.u-strasbg.fr/viz-bin/VizieR-5?-info=XML&-out.add=.&-source=VII/203/fields&recno=321,23 40 43.20,23 48 57.60,-45 44 24.0,-44 15 36.0,16.18,17.48,18.43,50,40,0.68,1990-05-10,193,SSA017-500; 2340-45W,23 43 22.31,-45 27 44.6
322,http://vizier.u-strasbg.fr/viz-bin/VizieR-5?-info=XML&-out.add=.&-source=VII/203/fields&recno=322,00 12 35.35,00 21 12.12,-39 44 26.5,-38 15 25.9,15.03,17.73,18.98,112,105,0.59,1991-06-10,149,SSA028-200; 2354-39E,00 15 05.78,-39 27 45.8
323,http://vizier.u-strasbg.fr/viz-bin/VizieR-5?-info=XML&-out.add=.&-source=VII/203/fields&recno=323,00 04 01.22,00 12 35.35,-39 44 26.5,-38 15 25.9,15.03,17.73,18.98,112,105,0.69,1991-05-10,143,SSA027-200; 2354-39M,00 06 33.71,-39 27 44.3
324,http://vizier.u-strasbg.fr/viz-bin/VizieR-5?-info=XML&-out.add=.&-source=VII/203/fields&recno=324,23 55 09.77,00 04 01.22,-39 44 26.5,-38 15 25.9,15.03,17.73,18.98,112,106,0.56,1991-04-10,131,SSA026-200; 2354-39W,23 57 44.39,-39 27 44.1
325,http://vizier.u-strasbg.fr/viz-bin/VizieR-5?-info=XML&-out.add=.&-source=VII/203/fields&recno=325,00 13 36.00,00 22 36.00,-45 44 24.0,-44 15 00.0,14.91,17.61,18.91,112,72,0.8,1994-01-10,108,SSA074-300; 2355-45E,00 16 05.35,-45 27 43.6
326,http://vizier.u-strasbg.fr/viz-bin/VizieR-5?-info=XML&-out.add=.&-source=VII/203/fields&recno=326,00 05 09.60,00 13 36.00,-45 44 24.0,-44 15 00.0,14.91,17.61,18.91,112,95,0.91,1994-07-10,184,SSA080-200; 2355-45M,00 07 41.45,-45 27 41.9
327,http://vizier.u-strasbg.fr/viz-bin/VizieR-5?-info=XML&-out.add=.&-source=VII/203/fields&recno=327,23 55 45.60,00 05 09.60,-45 44 24.0,-44 15 00.0,14.91,17.61,18.91,112,103,0.74,1994-06-10,170,SSA079-200; 2355-45W,23 58 20.25,-45 27 41.6
